Data,Valore,Luogo
2012-01-01,2696,Borgo Panigale
2012-02-01,2720,Borgo Panigale
2012-03-01,2704,Borgo Panigale
2012-04-01,2704,Borgo Panigale
2012-05-01,2652,Borgo Panigale
2012-06-01,2692,Borgo Panigale
2012-07-01,2656,Borgo Panigale
2012-08-01,2545,Borgo Panigale
2012-09-01,2509,Borgo Panigale
2012-10-01,2500,Borgo Panigale
2012-11-01,2430,Borgo Panigale
2012-12-01,2433,Borgo Panigale
2013-01-01,2438,Borgo Panigale
2013-02-01,2417,Borgo Panigale
2013-03-01,2425,Borgo Panigale
2013-04-01,2466,Borgo Panigale
2013-05-01,2673,Borgo Panigale
2013-06-01,2652,Borgo Panigale
2013-07-01,2614,Borgo Panigale
2013-08-01,2594,Borgo Panigale
2013-09-01,2640,Borgo Panigale
2013-10-01,2589,Borgo Panigale
2013-11-01,2514,Borgo Panigale
2013-12-01,2483,Borgo Panigale
2014-01-01,2583,Borgo Panigale
2014-02-01,2568,Borgo Panigale
2014-03-01,2537,Borgo Panigale
2014-04-01,2551,Borgo Panigale
2014-05-01,2556,Borgo Panigale
2014-06-01,2532,Borgo Panigale
2014-07-01,2453,Borgo Panigale
2014-08-01,2409,Borgo Panigale
2014-09-01,2372,Borgo Panigale
2014-10-01,2366,Borgo Panigale
2014-11-01,2332,Borgo Panigale
2014-12-01,2346,Borgo Panigale
2015-01-01,2301,Borgo Panigale
2015-02-01,2351,Borgo Panigale
2015-03-01,2317,Borgo Panigale
2015-04-01,2246,Borgo Panigale
2015-05-01,2173,Borgo Panigale
2015-06-01,2136,Borgo Panigale
2015-07-01,2056,Borgo Panigale
2015-08-01,1997,Borgo Panigale
2015-09-01,1997,Borgo Panigale
2015-10-01,1958,Borgo Panigale
2015-11-01,1952,Borgo Panigale
2015-12-01,1919,Borgo Panigale
2016-01-01,1923,Borgo Panigale
2016-02-01,1945,Borgo Panigale
2016-03-01,1956,Borgo Panigale
2016-04-01,1978,Borgo Panigale
2016-05-01,1944,Borgo Panigale
2016-06-01,1920,Borgo Panigale
2016-07-01,1910,Borgo Panigale
2016-08-01,1878,Borgo Panigale
2016-09-01,1880,Borgo Panigale
2016-10-01,1873,Borgo Panigale
2016-11-01,1877,Borgo Panigale
2016-12-01,1871,Borgo Panigale
2017-01-01,1912,Borgo Panigale
2017-02-01,1905,Borgo Panigale
2017-03-01,1925,Borgo Panigale
2017-04-01,1959,Borgo Panigale
2017-05-01,2021,Borgo Panigale
2017-06-01,2019,Borgo Panigale
2017-07-01,1970,Borgo Panigale
2017-08-01,1976,Borgo Panigale
2017-09-01,1970,Borgo Panigale
2017-10-01,2000,Borgo Panigale
2017-11-01,1997,Borgo Panigale
2017-12-01,2017,Borgo Panigale
2018-01-01,2021,Borgo Panigale
2018-02-01,2025,Borgo Panigale
2018-03-01,2036,Borgo Panigale
2018-04-01,2026,Borgo Panigale
2018-05-01,2015,Borgo Panigale
2018-06-01,2028,Borgo Panigale
2018-07-01,2054,Borgo Panigale
2018-08-01,2054,Borgo Panigale
2018-09-01,2075,Borgo Panigale
2018-10-01,2082,Borgo Panigale
2018-11-01,2085,Borgo Panigale
2018-12-01,2102,Borgo Panigale
2019-01-01,2115,Borgo Panigale
2019-02-01,2094,Borgo Panigale
2019-03-01,2111,Borgo Panigale
2019-04-01,2123,Borgo Panigale
2019-05-01,2105,Borgo Panigale
2019-06-01,2140,Borgo Panigale
2019-07-01,2161,Borgo Panigale
2019-08-01,2186,Borgo Panigale
2019-09-01,2138,Borgo Panigale
2019-10-01,2125,Borgo Panigale
2019-11-01,2153,Borgo Panigale
2019-12-01,2202,Borgo Panigale
2020-01-01,2216,Borgo Panigale
2020-02-01,2292,Borgo Panigale
2020-03-01,2355,Borgo Panigale
2020-04-01,2350,Borgo Panigale
2020-05-01,2376,Borgo Panigale
2020-06-01,2361,Borgo Panigale
2020-07-01,2393,Borgo Panigale
2020-08-01,2425,Borgo Panigale
2020-09-01,2399,Borgo Panigale
2020-10-01,2411,Borgo Panigale
2020-11-01,2426,Borgo Panigale
2020-12-01,2447,Borgo Panigale
2021-01-01,2398,Borgo Panigale
2021-02-01,2403,Borgo Panigale
2021-03-01,2388,Borgo Panigale
2021-04-01,2398,Borgo Panigale
2021-05-01,2406,Borgo Panigale
2021-06-01,2404,Borgo Panigale
2021-07-01,2389,Borgo Panigale
2021-08-01,2392,Borgo Panigale
2021-09-01,2378,Borgo Panigale
2021-10-01,2383,Borgo Panigale
2021-11-01,2397,Borgo Panigale
2021-12-01,2402,Borgo Panigale
2022-01-01,2404,Borgo Panigale
2022-02-01,2368,Borgo Panigale
2022-03-01,2359,Borgo Panigale
2022-04-01,2419,Borgo Panigale
2022-05-01,2455,Borgo Panigale
2022-06-01,2501,Borgo Panigale
2022-07-01,2523,Borgo Panigale
2022-08-01,2565,Borgo Panigale
2022-09-01,2596,Borgo Panigale
2022-10-01,2673,Borgo Panigale
2022-11-01,2681,Borgo Panigale
2022-12-01,2673,Borgo Panigale
2023-01-01,2773,Borgo Panigale
2023-02-01,2957,Borgo Panigale
2023-03-01,2977,Borgo Panigale
2023-04-01,2977,Borgo Panigale
2023-05-01,2978,Borgo Panigale
2023-06-01,3015,Borgo Panigale
2023-07-01,2996,Borgo Panigale
2023-08-01,2960,Borgo Panigale
2023-09-01,2957,Borgo Panigale
2023-10-01,2919,Borgo Panigale
2023-11-01,2918,Borgo Panigale
2023-12-01,2856,Borgo Panigale
2024-01-01,2922,Borgo Panigale
2024-02-01,2954,Borgo Panigale
2024-03-01,3029,Borgo Panigale
2024-04-01,3004,Borgo Panigale
2024-05-01,2995,Borgo Panigale
2012-01-01,2240,Barca
2012-02-01,2300,Barca
2012-03-01,2588,Barca
2012-04-01,2500,Barca
2012-05-01,2500,Barca
2012-06-01,2629,Barca
2012-07-01,2645,Barca
2012-08-01,2610,Barca
2012-09-01,2429,Barca
2012-10-01,2339,Barca
2012-11-01,2321,Barca
2012-12-01,2385,Barca
2013-01-01,2364,Barca
2013-02-01,2396,Barca
2013-03-01,2593,Barca
2013-04-01,2598,Barca
2013-05-01,2580,Barca
2013-06-01,2591,Barca
2013-07-01,2760,Barca
2013-08-01,2694,Barca
2013-09-01,2479,Barca
2013-10-01,2585,Barca
2013-11-01,2602,Barca
2013-12-01,2554,Barca
2014-01-01,2442,Barca
2014-02-01,2381,Barca
2014-03-01,2307,Barca
2014-04-01,2305,Barca
2014-05-01,2421,Barca
2014-06-01,2474,Barca
2014-07-01,2438,Barca
2014-08-01,2418,Barca
2014-09-01,2438,Barca
2014-10-01,2401,Barca
2014-11-01,2423,Barca
2014-12-01,2344,Barca
2015-01-01,2345,Barca
2015-02-01,2353,Barca
2015-03-01,2335,Barca
2015-04-01,2166,Barca
2015-05-01,2242,Barca
2015-06-01,2273,Barca
2015-07-01,2272,Barca
2015-08-01,2069,Barca
2015-09-01,2102,Barca
2015-10-01,2183,Barca
2015-11-01,2098,Barca
2015-12-01,2200,Barca
2016-01-01,2296,Barca
2016-02-01,2224,Barca
2016-03-01,2237,Barca
2016-04-01,2183,Barca
2016-05-01,2215,Barca
2016-06-01,2176,Barca
2016-07-01,2156,Barca
2016-08-01,2158,Barca
2016-09-01,2156,Barca
2016-10-01,2114,Barca
2016-11-01,2106,Barca
2016-12-01,2081,Barca
2017-01-01,2090,Barca
2017-02-01,2135,Barca
2017-03-01,2149,Barca
2017-04-01,2153,Barca
2017-05-01,2161,Barca
2017-07-01,2257,Barca
2017-08-01,2220,Barca
2017-09-01,2213,Barca
2017-10-01,2182,Barca
2017-11-01,2158,Barca
2017-12-01,2057,Barca
2018-01-01,2039,Barca
2018-02-01,2036,Barca
2018-03-01,2058,Barca
2018-04-01,2206,Barca
2018-05-01,2242,Barca
2018-06-01,2280,Barca
2018-07-01,2276,Barca
2018-08-01,2289,Barca
2018-09-01,2201,Barca
2018-10-01,2201,Barca
2018-11-01,2201,Barca
2018-12-01,2178,Barca
2019-01-01,2317,Barca
2019-02-01,2379,Barca
2019-03-01,2435,Barca
2019-04-01,2458,Barca
2019-05-01,2430,Barca
2019-06-01,2473,Barca
2019-07-01,2484,Barca
2019-08-01,2670,Barca
2019-09-01,2610,Barca
2019-10-01,2500,Barca
2019-11-01,2477,Barca
2019-12-01,2457,Barca
2020-01-01,2476,Barca
2020-02-01,2387,Barca
2020-03-01,2454,Barca
2020-04-01,2582,Barca
2020-05-01,2600,Barca
2020-06-01,2469,Barca
2020-07-01,2453,Barca
2020-08-01,2520,Barca
2020-09-01,2517,Barca
2020-10-01,2401,Barca
2020-11-01,2483,Barca
2020-12-01,2484,Barca
2021-01-01,2529,Barca
2021-02-01,2555,Barca
2021-03-01,2549,Barca
2021-04-01,2590,Barca
2021-05-01,2502,Barca
2021-06-01,2511,Barca
2021-07-01,2507,Barca
2021-08-01,2602,Barca
2021-09-01,2680,Barca
2021-10-01,2660,Barca
2021-11-01,2720,Barca
2021-12-01,2704,Barca
2022-01-01,2589,Barca
2022-02-01,2645,Barca
2022-03-01,2703,Barca
2022-04-01,2765,Barca
2022-05-01,2841,Barca
2022-06-01,2835,Barca
2022-07-01,2819,Barca
2022-08-01,2975,Barca
2022-09-01,2966,Barca
2022-10-01,3085,Barca
2022-11-01,3144,Barca
2022-12-01,2995,Barca
2023-01-01,3161,Barca
2023-02-01,3230,Barca
2023-03-01,3083,Barca
2023-04-01,3068,Barca
2023-05-01,2925,Barca
2023-06-01,2944,Barca
2023-07-01,3042,Barca
2023-08-01,2989,Barca
2023-09-01,3110,Barca
2023-10-01,3125,Barca
2023-11-01,2872,Barca
2023-12-01,2878,Barca
2024-01-01,2848,Barca
2024-02-01,2706,Barca
2024-03-01,2806,Barca
2024-04-01,2846,Barca
2024-05-01,2809,Barca
2012-01-01,3713,Centro Storico
2012-02-01,3471,Centro Storico
2012-03-01,3401,Centro Storico
2012-04-01,3429,Centro Storico
2012-05-01,3417,Centro Storico
2012-06-01,3369,Centro Storico
2012-07-01,3327,Centro Storico
2012-08-01,3348,Centro Storico
2012-09-01,3395,Centro Storico
2012-10-01,3333,Centro Storico
2012-11-01,3311,Centro Storico
2012-12-01,3323,Centro Storico
2013-01-01,3382,Centro Storico
2013-02-01,3317,Centro Storico
2013-03-01,3307,Centro Storico
2013-04-01,3289,Centro Storico
2013-05-01,3272,Centro Storico
2013-06-01,3276,Centro Storico
2013-07-01,3238,Centro Storico
2013-08-01,3178,Centro Storico
2013-09-01,3112,Centro Storico
2013-10-01,3138,Centro Storico
2013-11-01,3137,Centro Storico
2013-12-01,3129,Centro Storico
2014-01-01,3118,Centro Storico
2014-02-01,3129,Centro Storico
2014-03-01,3127,Centro Storico
2014-04-01,3128,Centro Storico
2014-05-01,3113,Centro Storico
2014-06-01,3103,Centro Storico
2014-07-01,3103,Centro Storico
2014-08-01,3100,Centro Storico
2014-09-01,3084,Centro Storico
2014-10-01,3061,Centro Storico
2014-11-01,3055,Centro Storico
2014-12-01,3054,Centro Storico
2015-01-01,3003,Centro Storico
2015-02-01,3000,Centro Storico
2015-03-01,3140,Centro Storico
2015-04-01,3123,Centro Storico
2015-05-01,3097,Centro Storico
2015-06-01,3063,Centro Storico
2015-07-01,3007,Centro Storico
2015-08-01,2990,Centro Storico
2015-09-01,2990,Centro Storico
2015-10-01,2995,Centro Storico
2015-11-01,3020,Centro Storico
2015-12-01,3073,Centro Storico
2016-01-01,3088,Centro Storico
2016-02-01,3088,Centro Storico
2016-03-01,3140,Centro Storico
2016-04-01,3117,Centro Storico
2016-05-01,3118,Centro Storico
2016-06-01,3119,Centro Storico
2016-07-01,3157,Centro Storico
2016-08-01,3183,Centro Storico
2016-09-01,3131,Centro Storico
2016-10-01,3157,Centro Storico
2016-11-01,3171,Centro Storico
2016-12-01,3173,Centro Storico
2017-01-01,3203,Centro Storico
2017-02-01,3212,Centro Storico
2017-03-01,3223,Centro Storico
2017-04-01,3207,Centro Storico
2017-05-01,3241,Centro Storico
2017-06-01,3316,Centro Storico
2017-07-01,3338,Centro Storico
2017-08-01,3328,Centro Storico
2017-09-01,3321,Centro Storico
2017-10-01,3312,Centro Storico
2017-11-01,3320,Centro Storico
2017-12-01,3356,Centro Storico
2018-01-01,3412,Centro Storico
2018-02-01,3449,Centro Storico
2018-03-01,3460,Centro Storico
2018-04-01,3416,Centro Storico
2018-05-01,3460,Centro Storico
2018-06-01,3483,Centro Storico
2018-07-01,3500,Centro Storico
2018-08-01,3500,Centro Storico
2018-09-01,3558,Centro Storico
2018-10-01,3569,Centro Storico
2018-11-01,3573,Centro Storico
2018-12-01,3646,Centro Storico
2019-01-01,3681,Centro Storico
2019-02-01,3679,Centro Storico
2019-03-01,3707,Centro Storico
2019-04-01,3770,Centro Storico
2019-05-01,3846,Centro Storico
2019-06-01,3845,Centro Storico
2019-07-01,3839,Centro Storico
2019-08-01,3861,Centro Storico
2019-09-01,3909,Centro Storico
2019-10-01,3858,Centro Storico
2019-11-01,3812,Centro Storico
2019-12-01,3815,Centro Storico
2020-01-01,3800,Centro Storico
2020-02-01,3893,Centro Storico
2020-03-01,3923,Centro Storico
2020-04-01,3941,Centro Storico
2020-05-01,3908,Centro Storico
2020-06-01,3947,Centro Storico
2020-07-01,3944,Centro Storico
2020-08-01,3938,Centro Storico
2020-09-01,3873,Centro Storico
2020-10-01,3874,Centro Storico
2020-11-01,3822,Centro Storico
2020-12-01,3826,Centro Storico
2021-01-01,3870,Centro Storico
2021-02-01,3869,Centro Storico
2021-03-01,3838,Centro Storico
2021-04-01,3799,Centro Storico
2021-05-01,3808,Centro Storico
2021-06-01,3796,Centro Storico
2021-07-01,3827,Centro Storico
2021-08-01,3803,Centro Storico
2021-09-01,3796,Centro Storico
2021-10-01,3779,Centro Storico
2021-11-01,3747,Centro Storico
2021-12-01,3785,Centro Storico
2022-01-01,3817,Centro Storico
2022-02-01,3880,Centro Storico
2022-03-01,3979,Centro Storico
2022-04-01,3995,Centro Storico
2022-05-01,4031,Centro Storico
2022-06-01,4161,Centro Storico
2022-07-01,4141,Centro Storico
2022-08-01,4142,Centro Storico
2022-09-01,4199,Centro Storico
2022-10-01,4233,Centro Storico
2022-11-01,4201,Centro Storico
2022-12-01,4232,Centro Storico
2023-01-01,4224,Centro Storico
2023-02-01,4233,Centro Storico
2023-03-01,4272,Centro Storico
2023-04-01,4233,Centro Storico
2023-05-01,4249,Centro Storico
2023-06-01,4222,Centro Storico
2023-07-01,4222,Centro Storico
2023-08-01,4232,Centro Storico
2023-09-01,4227,Centro Storico
2023-10-01,4233,Centro Storico
2023-11-01,4233,Centro Storico
2023-12-01,4225,Centro Storico
2024-01-01,4206,Centro Storico
2024-02-01,4221,Centro Storico
2024-03-01,4191,Centro Storico
2024-04-01,4181,Centro Storico
2024-05-01,4169,Centro Storico
2012-01-01,3446,Costa Saragozza
2012-02-01,3205,Costa Saragozza
2012-03-01,3206,Costa Saragozza
2012-04-01,3218,Costa Saragozza
2012-05-01,3200,Costa Saragozza
2012-06-01,3209,Costa Saragozza
2012-07-01,3319,Costa Saragozza
2012-08-01,3318,Costa Saragozza
2012-09-01,3223,Costa Saragozza
2012-10-01,3217,Costa Saragozza
2012-11-01,3088,Costa Saragozza
2012-12-01,3136,Costa Saragozza
2013-01-01,3056,Costa Saragozza
2013-02-01,3125,Costa Saragozza
2013-03-01,3202,Costa Saragozza
2013-04-01,3240,Costa Saragozza
2013-05-01,3137,Costa Saragozza
2013-06-01,3036,Costa Saragozza
2013-07-01,2992,Costa Saragozza
2013-08-01,3020,Costa Saragozza
2013-09-01,2995,Costa Saragozza
2013-10-01,2931,Costa Saragozza
2013-11-01,2951,Costa Saragozza
2013-12-01,2931,Costa Saragozza
2014-01-01,2949,Costa Saragozza
2014-02-01,2942,Costa Saragozza
2014-03-01,3044,Costa Saragozza
2014-04-01,3052,Costa Saragozza
2014-05-01,3004,Costa Saragozza
2014-06-01,3018,Costa Saragozza
2014-07-01,3024,Costa Saragozza
2014-08-01,3002,Costa Saragozza
2014-09-01,3027,Costa Saragozza
2014-10-01,3026,Costa Saragozza
2014-11-01,3029,Costa Saragozza
2014-12-01,3028,Costa Saragozza
2015-01-01,3010,Costa Saragozza
2015-02-01,3019,Costa Saragozza
2015-03-01,3005,Costa Saragozza
2015-04-01,3004,Costa Saragozza
2015-05-01,3003,Costa Saragozza
2015-06-01,2957,Costa Saragozza
2015-07-01,2966,Costa Saragozza
2015-08-01,2978,Costa Saragozza
2015-09-01,2965,Costa Saragozza
2015-10-01,2943,Costa Saragozza
2015-11-01,2948,Costa Saragozza
2015-12-01,2953,Costa Saragozza
2016-01-01,3045,Costa Saragozza
2016-02-01,3129,Costa Saragozza
2016-03-01,3141,Costa Saragozza
2016-04-01,3140,Costa Saragozza
2016-05-01,3173,Costa Saragozza
2016-06-01,3205,Costa Saragozza
2016-07-01,3260,Costa Saragozza
2016-08-01,3336,Costa Saragozza
2016-09-01,3347,Costa Saragozza
2016-10-01,3204,Costa Saragozza
2016-11-01,3152,Costa Saragozza
2016-12-01,3028,Costa Saragozza
2017-01-01,3040,Costa Saragozza
2017-02-01,2939,Costa Saragozza
2017-03-01,2960,Costa Saragozza
2017-04-01,2980,Costa Saragozza
2017-05-01,3064,Costa Saragozza
2017-06-01,3070,Costa Saragozza
2017-07-01,3030,Costa Saragozza
2017-08-01,3114,Costa Saragozza
2017-09-01,3141,Costa Saragozza
2017-10-01,3184,Costa Saragozza
2017-11-01,3115,Costa Saragozza
2017-12-01,3101,Costa Saragozza
2018-01-01,3089,Costa Saragozza
2018-02-01,3060,Costa Saragozza
2018-03-01,3062,Costa Saragozza
2018-04-01,3042,Costa Saragozza
2018-05-01,3090,Costa Saragozza
2018-06-01,3136,Costa Saragozza
2018-07-01,3151,Costa Saragozza
2018-08-01,3101,Costa Saragozza
2018-09-01,3165,Costa Saragozza
2018-10-01,3133,Costa Saragozza
2018-11-01,3133,Costa Saragozza
2018-12-01,3137,Costa Saragozza
2019-01-01,3166,Costa Saragozza
2019-02-01,3180,Costa Saragozza
2019-03-01,3223,Costa Saragozza
2019-04-01,3152,Costa Saragozza
2019-05-01,3186,Costa Saragozza
2019-06-01,3225,Costa Saragozza
2019-07-01,3222,Costa Saragozza
2019-08-01,3216,Costa Saragozza
2019-09-01,3241,Costa Saragozza
2019-10-01,3211,Costa Saragozza
2019-11-01,3241,Costa Saragozza
2019-12-01,3186,Costa Saragozza
2020-01-01,3210,Costa Saragozza
2020-02-01,3156,Costa Saragozza
2020-03-01,3245,Costa Saragozza
2020-04-01,3243,Costa Saragozza
2020-05-01,3306,Costa Saragozza
2020-06-01,3388,Costa Saragozza
2020-07-01,3361,Costa Saragozza
2020-08-01,3377,Costa Saragozza
2020-09-01,3388,Costa Saragozza
2020-10-01,3390,Costa Saragozza
2020-11-01,3354,Costa Saragozza
2020-12-01,3358,Costa Saragozza
2021-01-01,3479,Costa Saragozza
2021-02-01,3566,Costa Saragozza
2021-03-01,3505,Costa Saragozza
2021-04-01,3496,Costa Saragozza
2021-05-01,3478,Costa Saragozza
2021-06-01,3449,Costa Saragozza
2021-07-01,3488,Costa Saragozza
2021-08-01,3638,Costa Saragozza
2021-09-01,3644,Costa Saragozza
2021-10-01,3608,Costa Saragozza
2021-11-01,3653,Costa Saragozza
2021-12-01,3572,Costa Saragozza
2022-01-01,3555,Costa Saragozza
2022-02-01,3522,Costa Saragozza
2022-03-01,3371,Costa Saragozza
2022-04-01,3398,Costa Saragozza
2022-05-01,3439,Costa Saragozza
2022-06-01,3476,Costa Saragozza
2022-07-01,3427,Costa Saragozza
2022-08-01,3454,Costa Saragozza
2022-09-01,3417,Costa Saragozza
2022-10-01,3441,Costa Saragozza
2022-11-01,3435,Costa Saragozza
2022-12-01,3431,Costa Saragozza
2023-01-01,3458,Costa Saragozza
2023-02-01,3416,Costa Saragozza
2023-03-01,3517,Costa Saragozza
2023-04-01,3515,Costa Saragozza
2023-05-01,3488,Costa Saragozza
2023-06-01,3485,Costa Saragozza
2023-07-01,3504,Costa Saragozza
2023-08-01,3541,Costa Saragozza
2023-09-01,3561,Costa Saragozza
2023-10-01,3574,Costa Saragozza
2023-11-01,3583,Costa Saragozza
2023-12-01,3561,Costa Saragozza
2024-01-01,3564,Costa Saragozza
2024-02-01,3738,Costa Saragozza
2024-03-01,3701,Costa Saragozza
2024-04-01,3724,Costa Saragozza
2024-05-01,3778,Costa Saragozza
2012-01-01,3184,Mazzini Fossolo
2012-02-01,3115,Mazzini Fossolo
2012-03-01,2998,Mazzini Fossolo
2012-04-01,3077,Mazzini Fossolo
2012-05-01,3018,Mazzini Fossolo
2012-06-01,3011,Mazzini Fossolo
2012-07-01,2997,Mazzini Fossolo
2012-08-01,2870,Mazzini Fossolo
2012-09-01,2717,Mazzini Fossolo
2012-10-01,2692,Mazzini Fossolo
2012-11-01,2692,Mazzini Fossolo
2012-12-01,2581,Mazzini Fossolo
2013-01-01,2500,Mazzini Fossolo
2013-02-01,2493,Mazzini Fossolo
2013-03-01,2522,Mazzini Fossolo
2013-04-01,2427,Mazzini Fossolo
2013-05-01,2454,Mazzini Fossolo
2013-06-01,2461,Mazzini Fossolo
2013-07-01,2509,Mazzini Fossolo
2013-08-01,2486,Mazzini Fossolo
2013-09-01,2464,Mazzini Fossolo
2013-10-01,2475,Mazzini Fossolo
2013-11-01,2468,Mazzini Fossolo
2013-12-01,2406,Mazzini Fossolo
2014-01-01,2388,Mazzini Fossolo
2014-02-01,2352,Mazzini Fossolo
2014-03-01,2339,Mazzini Fossolo
2014-04-01,2331,Mazzini Fossolo
2014-05-01,2350,Mazzini Fossolo
2014-06-01,2395,Mazzini Fossolo
2014-07-01,2360,Mazzini Fossolo
2014-08-01,2330,Mazzini Fossolo
2014-09-01,2359,Mazzini Fossolo
2014-10-01,2349,Mazzini Fossolo
2014-11-01,2317,Mazzini Fossolo
2014-12-01,2311,Mazzini Fossolo
2015-01-01,2289,Mazzini Fossolo
2015-02-01,2256,Mazzini Fossolo
2015-03-01,2258,Mazzini Fossolo
2015-04-01,2245,Mazzini Fossolo
2015-05-01,2321,Mazzini Fossolo
2015-06-01,2324,Mazzini Fossolo
2015-07-01,2323,Mazzini Fossolo
2015-08-01,2306,Mazzini Fossolo
2015-09-01,2323,Mazzini Fossolo
2015-10-01,2405,Mazzini Fossolo
2015-11-01,2395,Mazzini Fossolo
2015-12-01,2407,Mazzini Fossolo
2016-01-01,2349,Mazzini Fossolo
2016-02-01,2310,Mazzini Fossolo
2016-03-01,2311,Mazzini Fossolo
2016-04-01,2323,Mazzini Fossolo
2016-05-01,2371,Mazzini Fossolo
2016-06-01,2363,Mazzini Fossolo
2016-07-01,2363,Mazzini Fossolo
2016-08-01,2383,Mazzini Fossolo
2016-09-01,2401,Mazzini Fossolo
2016-10-01,2383,Mazzini Fossolo
2016-11-01,2371,Mazzini Fossolo
2016-12-01,2368,Mazzini Fossolo
2017-01-01,2377,Mazzini Fossolo
2017-02-01,2403,Mazzini Fossolo
2017-03-01,2431,Mazzini Fossolo
2017-04-01,2406,Mazzini Fossolo
2017-05-01,2525,Mazzini Fossolo
2017-06-01,2591,Mazzini Fossolo
2017-07-01,2600,Mazzini Fossolo
2017-08-01,2546,Mazzini Fossolo
2017-09-01,2601,Mazzini Fossolo
2017-10-01,2644,Mazzini Fossolo
2017-11-01,2579,Mazzini Fossolo
2017-12-01,2549,Mazzini Fossolo
2018-01-01,2560,Mazzini Fossolo
2018-02-01,2559,Mazzini Fossolo
2018-03-01,2589,Mazzini Fossolo
2018-04-01,2630,Mazzini Fossolo
2018-05-01,2644,Mazzini Fossolo
2018-06-01,2667,Mazzini Fossolo
2018-07-01,2663,Mazzini Fossolo
2018-08-01,2679,Mazzini Fossolo
2018-09-01,2681,Mazzini Fossolo
2018-10-01,2727,Mazzini Fossolo
2018-11-01,2817,Mazzini Fossolo
2018-12-01,2883,Mazzini Fossolo
2019-01-01,2979,Mazzini Fossolo
2019-02-01,2986,Mazzini Fossolo
2019-03-01,2959,Mazzini Fossolo
2019-04-01,2993,Mazzini Fossolo
2019-05-01,2995,Mazzini Fossolo
2019-06-01,3047,Mazzini Fossolo
2019-07-01,3190,Mazzini Fossolo
2019-08-01,3175,Mazzini Fossolo
2019-09-01,3236,Mazzini Fossolo
2019-10-01,3201,Mazzini Fossolo
2019-11-01,3178,Mazzini Fossolo
2019-12-01,3072,Mazzini Fossolo
2020-01-01,3055,Mazzini Fossolo
2020-02-01,3207,Mazzini Fossolo
2020-03-01,3287,Mazzini Fossolo
2020-04-01,3334,Mazzini Fossolo
2020-05-01,3402,Mazzini Fossolo
2020-06-01,3404,Mazzini Fossolo
2020-07-01,3317,Mazzini Fossolo
2020-08-01,3279,Mazzini Fossolo
2020-09-01,3311,Mazzini Fossolo
2020-10-01,3162,Mazzini Fossolo
2020-11-01,3216,Mazzini Fossolo
2020-12-01,3006,Mazzini Fossolo
2021-01-01,2859,Mazzini Fossolo
2021-02-01,2860,Mazzini Fossolo
2021-03-01,2802,Mazzini Fossolo
2021-04-01,2799,Mazzini Fossolo
2021-05-01,2819,Mazzini Fossolo
2021-06-01,2780,Mazzini Fossolo
2021-07-01,2792,Mazzini Fossolo
2021-08-01,2808,Mazzini Fossolo
2021-09-01,2870,Mazzini Fossolo
2021-10-01,2840,Mazzini Fossolo
2021-11-01,2840,Mazzini Fossolo
2021-12-01,2802,Mazzini Fossolo
2022-01-01,2777,Mazzini Fossolo
2022-02-01,2766,Mazzini Fossolo
2022-03-01,2842,Mazzini Fossolo
2022-04-01,2855,Mazzini Fossolo
2022-05-01,2900,Mazzini Fossolo
2022-06-01,2933,Mazzini Fossolo
2022-07-01,2956,Mazzini Fossolo
2022-08-01,2912,Mazzini Fossolo
2022-09-01,2888,Mazzini Fossolo
2022-10-01,2957,Mazzini Fossolo
2022-11-01,2940,Mazzini Fossolo
2022-12-01,2859,Mazzini Fossolo
2023-01-01,2837,Mazzini Fossolo
2023-02-01,2860,Mazzini Fossolo
2023-03-01,2933,Mazzini Fossolo
2023-04-01,2996,Mazzini Fossolo
2023-05-01,2943,Mazzini Fossolo
2023-06-01,2914,Mazzini Fossolo
2023-07-01,2859,Mazzini Fossolo
2023-08-01,2969,Mazzini Fossolo
2023-09-01,2958,Mazzini Fossolo
2023-10-01,2999,Mazzini Fossolo
2023-11-01,3020,Mazzini Fossolo
2023-12-01,3040,Mazzini Fossolo
2024-01-01,3000,Mazzini Fossolo
2024-02-01,3008,Mazzini Fossolo
2024-03-01,3050,Mazzini Fossolo
2024-04-01,3035,Mazzini Fossolo
2024-05-01,3007,Mazzini Fossolo
2012-01-01,3178,Murri
2012-02-01,3278,Murri
2012-03-01,3318,Murri
2012-04-01,3278,Murri
2012-05-01,3333,Murri
2012-06-01,3357,Murri
2012-07-01,3334,Murri
2012-08-01,3288,Murri
2012-09-01,3262,Murri
2012-10-01,3278,Murri
2012-11-01,3131,Murri
2012-12-01,3103,Murri
2013-01-01,3091,Murri
2013-02-01,3073,Murri
2013-03-01,3023,Murri
2013-04-01,3032,Murri
2013-05-01,3047,Murri
2013-06-01,3003,Murri
2013-07-01,3003,Murri
2013-08-01,3000,Murri
2013-09-01,2999,Murri
2013-10-01,3029,Murri
2013-11-01,3019,Murri
2013-12-01,2920,Murri
2014-01-01,2798,Murri
2014-02-01,2747,Murri
2014-03-01,2785,Murri
2014-04-01,2700,Murri
2014-05-01,2685,Murri
2014-06-01,2671,Murri
2014-07-01,2667,Murri
2014-08-01,2665,Murri
2014-09-01,2620,Murri
2014-10-01,2641,Murri
2014-11-01,2642,Murri
2014-12-01,2661,Murri
2015-01-01,2642,Murri
2015-02-01,2632,Murri
2015-03-01,2626,Murri
2015-04-01,2683,Murri
2015-05-01,2727,Murri
2015-06-01,2732,Murri
2015-07-01,2786,Murri
2015-08-01,2776,Murri
2015-09-01,2718,Murri
2015-10-01,2787,Murri
2015-11-01,2768,Murri
2015-12-01,2799,Murri
2016-01-01,2833,Murri
2016-02-01,2796,Murri
2016-03-01,2806,Murri
2016-04-01,2797,Murri
2016-05-01,2817,Murri
2016-06-01,2786,Murri
2016-07-01,2795,Murri
2016-08-01,2838,Murri
2016-09-01,2899,Murri
2016-10-01,2948,Murri
2016-11-01,2924,Murri
2016-12-01,2914,Murri
2017-01-01,2907,Murri
2017-02-01,2864,Murri
2017-03-01,2833,Murri
2017-04-01,2838,Murri
2017-05-01,2858,Murri
2017-06-01,2908,Murri
2017-07-01,2935,Murri
2017-08-01,2965,Murri
2017-09-01,2982,Murri
2017-10-01,2980,Murri
2017-11-01,2981,Murri
2017-12-01,3066,Murri
2018-01-01,3123,Murri
2018-02-01,3094,Murri
2018-03-01,3094,Murri
2018-04-01,3069,Murri
2018-05-01,3041,Murri
2018-06-01,3125,Murri
2018-07-01,3178,Murri
2018-08-01,3215,Murri
2018-09-01,3162,Murri
2018-10-01,3173,Murri
2018-11-01,3137,Murri
2018-12-01,3043,Murri
2019-01-01,3065,Murri
2019-02-01,3043,Murri
2019-03-01,3058,Murri
2019-04-01,3083,Murri
2019-05-01,3127,Murri
2019-06-01,3193,Murri
2019-07-01,3224,Murri
2019-08-01,3236,Murri
2019-09-01,3357,Murri
2019-10-01,3325,Murri
2019-11-01,3235,Murri
2019-12-01,3326,Murri
2020-01-01,3339,Murri
2020-02-01,3301,Murri
2020-03-01,3254,Murri
2020-04-01,3270,Murri
2020-05-01,3310,Murri
2020-06-01,3363,Murri
2020-07-01,3299,Murri
2020-08-01,3340,Murri
2020-09-01,3336,Murri
2020-10-01,3270,Murri
2020-11-01,3308,Murri
2020-12-01,3295,Murri
2021-01-01,3325,Murri
2021-02-01,3433,Murri
2021-03-01,3412,Murri
2021-04-01,3389,Murri
2021-05-01,3502,Murri
2021-06-01,3475,Murri
2021-07-01,3354,Murri
2021-08-01,3350,Murri
2021-09-01,3337,Murri
2021-10-01,3340,Murri
2021-11-01,3391,Murri
2021-12-01,3398,Murri
2022-01-01,3366,Murri
2022-02-01,3508,Murri
2022-03-01,3466,Murri
2022-04-01,3471,Murri
2022-05-01,3487,Murri
2022-06-01,3623,Murri
2022-07-01,3607,Murri
2022-08-01,3628,Murri
2022-09-01,3613,Murri
2022-10-01,3558,Murri
2022-11-01,3595,Murri
2022-12-01,3593,Murri
2023-01-01,3594,Murri
2023-02-01,3563,Murri
2023-03-01,3597,Murri
2023-04-01,3662,Murri
2023-05-01,3673,Murri
2023-06-01,3666,Murri
2023-07-01,3620,Murri
2023-08-01,3615,Murri
2023-09-01,3618,Murri
2023-10-01,3703,Murri
2023-11-01,3705,Murri
2023-12-01,3681,Murri
2024-01-01,3631,Murri
2024-02-01,3620,Murri
2024-03-01,3571,Murri
2024-04-01,3771,Murri
2024-05-01,3760,Murri
2012-01-01,2642,Navile-Bolognina
2012-02-01,2462,Navile-Bolognina
2012-03-01,2652,Navile-Bolognina
2012-04-01,2662,Navile-Bolognina
2012-05-01,2636,Navile-Bolognina
2012-06-01,2628,Navile-Bolognina
2012-07-01,2613,Navile-Bolognina
2012-08-01,2619,Navile-Bolognina
2012-09-01,2607,Navile-Bolognina
2012-10-01,2571,Navile-Bolognina
2012-11-01,2523,Navile-Bolognina
2012-12-01,2516,Navile-Bolognina
2013-01-01,2538,Navile-Bolognina
2013-02-01,2564,Navile-Bolognina
2013-03-01,2551,Navile-Bolognina
2013-04-01,2470,Navile-Bolognina
2013-05-01,2429,Navile-Bolognina
2013-06-01,2361,Navile-Bolognina
2013-07-01,2358,Navile-Bolognina
2013-08-01,2357,Navile-Bolognina
2013-09-01,2358,Navile-Bolognina
2013-10-01,2395,Navile-Bolognina
2013-11-01,2352,Navile-Bolognina
2013-12-01,2313,Navile-Bolognina
2014-01-01,2275,Navile-Bolognina
2014-02-01,2253,Navile-Bolognina
2014-03-01,2160,Navile-Bolognina
2014-04-01,2197,Navile-Bolognina
2014-05-01,2185,Navile-Bolognina
2014-06-01,2217,Navile-Bolognina
2014-07-01,2214,Navile-Bolognina
2014-08-01,2180,Navile-Bolognina
2014-09-01,2180,Navile-Bolognina
2014-10-01,2127,Navile-Bolognina
2014-11-01,2127,Navile-Bolognina
2014-12-01,2107,Navile-Bolognina
2015-01-01,2103,Navile-Bolognina
2015-02-01,2097,Navile-Bolognina
2015-03-01,2075,Navile-Bolognina
2015-04-01,2032,Navile-Bolognina
2015-05-01,2008,Navile-Bolognina
2015-06-01,2035,Navile-Bolognina
2015-07-01,2031,Navile-Bolognina
2015-08-01,2041,Navile-Bolognina
2015-09-01,2021,Navile-Bolognina
2015-10-01,1995,Navile-Bolognina
2015-11-01,1990,Navile-Bolognina
2015-12-01,2021,Navile-Bolognina
2016-01-01,2055,Navile-Bolognina
2016-02-01,2055,Navile-Bolognina
2016-03-01,2101,Navile-Bolognina
2016-04-01,2095,Navile-Bolognina
2016-05-01,2053,Navile-Bolognina
2016-06-01,1958,Navile-Bolognina
2016-07-01,1951,Navile-Bolognina
2016-08-01,1958,Navile-Bolognina
2016-09-01,1962,Navile-Bolognina
2016-10-01,2023,Navile-Bolognina
2016-11-01,1986,Navile-Bolognina
2016-12-01,2024,Navile-Bolognina
2017-01-01,2008,Navile-Bolognina
2017-02-01,2000,Navile-Bolognina
2017-03-01,2015,Navile-Bolognina
2017-04-01,2017,Navile-Bolognina
2017-05-01,2068,Navile-Bolognina
2017-06-01,2073,Navile-Bolognina
2017-07-01,2073,Navile-Bolognina
2017-08-01,2053,Navile-Bolognina
2017-09-01,2101,Navile-Bolognina
2017-10-01,2169,Navile-Bolognina
2017-11-01,2261,Navile-Bolognina
2017-12-01,2355,Navile-Bolognina
2018-01-01,2479,Navile-Bolognina
2018-02-01,2481,Navile-Bolognina
2018-03-01,2508,Navile-Bolognina
2018-04-01,2607,Navile-Bolognina
2018-05-01,2792,Navile-Bolognina
2018-06-01,2855,Navile-Bolognina
2018-07-01,2772,Navile-Bolognina
2018-08-01,2907,Navile-Bolognina
2018-09-01,2907,Navile-Bolognina
2018-10-01,2985,Navile-Bolognina
2018-11-01,2978,Navile-Bolognina
2018-12-01,2811,Navile-Bolognina
2019-01-01,2717,Navile-Bolognina
2019-02-01,2627,Navile-Bolognina
2019-03-01,2704,Navile-Bolognina
2019-04-01,2766,Navile-Bolognina
2019-05-01,2982,Navile-Bolognina
2019-06-01,2991,Navile-Bolognina
2019-07-01,2918,Navile-Bolognina
2019-08-01,2906,Navile-Bolognina
2019-09-01,2818,Navile-Bolognina
2019-10-01,2845,Navile-Bolognina
2019-11-01,2795,Navile-Bolognina
2019-12-01,2730,Navile-Bolognina
2020-01-01,2794,Navile-Bolognina
2020-02-01,2860,Navile-Bolognina
2020-03-01,3014,Navile-Bolognina
2020-04-01,3080,Navile-Bolognina
2020-05-01,3011,Navile-Bolognina
2020-06-01,3081,Navile-Bolognina
2020-07-01,3091,Navile-Bolognina
2020-08-01,3074,Navile-Bolognina
2020-09-01,3098,Navile-Bolognina
2020-10-01,3077,Navile-Bolognina
2020-11-01,3089,Navile-Bolognina
2020-12-01,3030,Navile-Bolognina
2021-01-01,3096,Navile-Bolognina
2021-02-01,3097,Navile-Bolognina
2021-03-01,3102,Navile-Bolognina
2021-04-01,3058,Navile-Bolognina
2021-05-01,3069,Navile-Bolognina
2021-06-01,3033,Navile-Bolognina
2021-07-01,3067,Navile-Bolognina
2021-08-01,3079,Navile-Bolognina
2021-09-01,3102,Navile-Bolognina
2021-10-01,3194,Navile-Bolognina
2021-11-01,3209,Navile-Bolognina
2021-12-01,3150,Navile-Bolognina
2022-01-01,3153,Navile-Bolognina
2022-02-01,3149,Navile-Bolognina
2022-03-01,3148,Navile-Bolognina
2022-04-01,3192,Navile-Bolognina
2022-05-01,3192,Navile-Bolognina
2022-06-01,3162,Navile-Bolognina
2022-07-01,3141,Navile-Bolognina
2022-08-01,3141,Navile-Bolognina
2022-09-01,3144,Navile-Bolognina
2022-10-01,3136,Navile-Bolognina
2022-11-01,3074,Navile-Bolognina
2022-12-01,3021,Navile-Bolognina
2023-01-01,3021,Navile-Bolognina
2023-02-01,2957,Navile-Bolognina
2023-03-01,3012,Navile-Bolognina
2023-04-01,2960,Navile-Bolognina
2023-05-01,2960,Navile-Bolognina
2023-06-01,2865,Navile-Bolognina
2023-07-01,2814,Navile-Bolognina
2023-08-01,2857,Navile-Bolognina
2023-09-01,2873,Navile-Bolognina
2023-10-01,2898,Navile-Bolognina
2023-11-01,2929,Navile-Bolognina
2023-12-01,2947,Navile-Bolognina
2024-01-01,3041,Navile-Bolognina
2024-02-01,3005,Navile-Bolognina
2024-03-01,2993,Navile-Bolognina
2024-04-01,2914,Navile-Bolognina
2024-05-01,2912,Navile-Bolognina
2012-01-01,2753,Navile-Corticella
2012-02-01,2835,Navile-Corticella
2012-03-01,2685,Navile-Corticella
2012-04-01,2634,Navile-Corticella
2012-05-01,2521,Navile-Corticella
2012-06-01,2637,Navile-Corticella
2012-07-01,2643,Navile-Corticella
2012-08-01,2611,Navile-Corticella
2012-09-01,2568,Navile-Corticella
2012-10-01,2462,Navile-Corticella
2012-11-01,2537,Navile-Corticella
2012-12-01,2461,Navile-Corticella
2013-01-01,2533,Navile-Corticella
2013-02-01,2533,Navile-Corticella
2013-03-01,2598,Navile-Corticella
2013-04-01,2588,Navile-Corticella
2013-05-01,2559,Navile-Corticella
2013-06-01,2617,Navile-Corticella
2013-07-01,2670,Navile-Corticella
2013-08-01,2630,Navile-Corticella
2013-09-01,2762,Navile-Corticella
2013-10-01,2743,Navile-Corticella
2013-11-01,2632,Navile-Corticella
2013-12-01,2519,Navile-Corticella
2014-01-01,2521,Navile-Corticella
2014-02-01,2560,Navile-Corticella
2014-03-01,2447,Navile-Corticella
2014-04-01,2335,Navile-Corticella
2014-05-01,2320,Navile-Corticella
2014-06-01,2346,Navile-Corticella
2014-07-01,2321,Navile-Corticella
2014-08-01,2329,Navile-Corticella
2014-09-01,2358,Navile-Corticella
2014-10-01,2252,Navile-Corticella
2014-11-01,2242,Navile-Corticella
2014-12-01,2076,Navile-Corticella
2015-01-01,2118,Navile-Corticella
2015-02-01,2144,Navile-Corticella
2015-03-01,2092,Navile-Corticella
2015-04-01,2095,Navile-Corticella
2015-05-01,2136,Navile-Corticella
2015-06-01,2228,Navile-Corticella
2015-07-01,2177,Navile-Corticella
2015-08-01,2178,Navile-Corticella
2015-09-01,2202,Navile-Corticella
2015-10-01,2047,Navile-Corticella
2015-11-01,2007,Navile-Corticella
2015-12-01,2041,Navile-Corticella
2016-01-01,2116,Navile-Corticella
2016-02-01,2109,Navile-Corticella
2016-03-01,2089,Navile-Corticella
2016-04-01,2126,Navile-Corticella
2016-05-01,2126,Navile-Corticella
2016-06-01,2194,Navile-Corticella
2016-07-01,2183,Navile-Corticella
2016-08-01,2167,Navile-Corticella
2016-09-01,2211,Navile-Corticella
2016-10-01,2193,Navile-Corticella
2016-11-01,2145,Navile-Corticella
2016-12-01,2190,Navile-Corticella
2017-01-01,2182,Navile-Corticella
2017-02-01,2193,Navile-Corticella
2017-03-01,2183,Navile-Corticella
2017-04-01,2208,Navile-Corticella
2017-05-01,2146,Navile-Corticella
2017-06-01,2212,Navile-Corticella
2017-07-01,2256,Navile-Corticella
2017-08-01,2324,Navile-Corticella
2017-09-01,2384,Navile-Corticella
2017-10-01,2334,Navile-Corticella
2017-11-01,2205,Navile-Corticella
2017-12-01,2224,Navile-Corticella
2018-01-01,2353,Navile-Corticella
2018-02-01,2310,Navile-Corticella
2018-03-01,2252,Navile-Corticella
2018-04-01,2253,Navile-Corticella
2018-05-01,2180,Navile-Corticella
2018-06-01,2249,Navile-Corticella
2018-07-01,2257,Navile-Corticella
2018-08-01,2427,Navile-Corticella
2018-09-01,2468,Navile-Corticella
2018-10-01,2465,Navile-Corticella
2018-11-01,2433,Navile-Corticella
2018-12-01,2377,Navile-Corticella
2019-01-01,2384,Navile-Corticella
2019-02-01,2330,Navile-Corticella
2019-03-01,2331,Navile-Corticella
2019-04-01,2342,Navile-Corticella
2019-05-01,2415,Navile-Corticella
2019-06-01,2352,Navile-Corticella
2019-07-01,2341,Navile-Corticella
2019-08-01,2407,Navile-Corticella
2019-09-01,2424,Navile-Corticella
2019-10-01,2381,Navile-Corticella
2019-11-01,2372,Navile-Corticella
2019-12-01,2373,Navile-Corticella
2020-01-01,2465,Navile-Corticella
2020-02-01,2497,Navile-Corticella
2020-03-01,2501,Navile-Corticella
2020-04-01,2554,Navile-Corticella
2020-05-01,2601,Navile-Corticella
2020-06-01,2772,Navile-Corticella
2020-07-01,2741,Navile-Corticella
2020-08-01,2754,Navile-Corticella
2020-09-01,2686,Navile-Corticella
2020-10-01,2699,Navile-Corticella
2020-11-01,2676,Navile-Corticella
2020-12-01,2710,Navile-Corticella
2021-01-01,2758,Navile-Corticella
2021-02-01,2698,Navile-Corticella
2021-03-01,2613,Navile-Corticella
2021-04-01,2549,Navile-Corticella
2021-05-01,2652,Navile-Corticella
2021-06-01,2759,Navile-Corticella
2021-07-01,2717,Navile-Corticella
2021-08-01,2601,Navile-Corticella
2021-09-01,2635,Navile-Corticella
2021-10-01,2703,Navile-Corticella
2021-11-01,2648,Navile-Corticella
2021-12-01,2597,Navile-Corticella
2022-01-01,2822,Navile-Corticella
2022-02-01,2867,Navile-Corticella
2022-03-01,2882,Navile-Corticella
2022-04-01,2638,Navile-Corticella
2022-05-01,2677,Navile-Corticella
2022-06-01,2614,Navile-Corticella
2022-07-01,2614,Navile-Corticella
2022-08-01,2636,Navile-Corticella
2022-09-01,2608,Navile-Corticella
2022-10-01,2688,Navile-Corticella
2022-11-01,2773,Navile-Corticella
2022-12-01,2810,Navile-Corticella
2023-01-01,2799,Navile-Corticella
2023-02-01,2756,Navile-Corticella
2023-03-01,2785,Navile-Corticella
2023-04-01,2716,Navile-Corticella
2023-05-01,2674,Navile-Corticella
2023-06-01,2740,Navile-Corticella
2023-07-01,2678,Navile-Corticella
2023-08-01,2770,Navile-Corticella
2023-09-01,2786,Navile-Corticella
2023-10-01,2750,Navile-Corticella
2023-11-01,2828,Navile-Corticella
2023-12-01,2820,Navile-Corticella
2024-01-01,2825,Navile-Corticella
2024-02-01,2913,Navile-Corticella
2024-03-01,2921,Navile-Corticella
2012-01-01,2690,Navile Lame
2012-02-01,2730,Navile Lame
2012-03-01,2733,Navile Lame
2012-04-01,2714,Navile Lame
2012-05-01,2645,Navile Lame
2012-06-01,2643,Navile Lame
2012-07-01,2588,Navile Lame
2012-08-01,2506,Navile Lame
2012-09-01,2510,Navile Lame
2012-10-01,2500,Navile Lame
2012-11-01,2497,Navile Lame
2012-12-01,2459,Navile Lame
2013-01-01,2500,Navile Lame
2013-02-01,2500,Navile Lame
2013-03-01,2574,Navile Lame
2013-04-01,2619,Navile Lame
2013-05-01,2507,Navile Lame
2013-06-01,2476,Navile Lame
2013-07-01,2497,Navile Lame
2013-08-01,2480,Navile Lame
2013-09-01,2479,Navile Lame
2013-10-01,2529,Navile Lame
2013-11-01,2543,Navile Lame
2013-12-01,2524,Navile Lame
2014-01-01,2554,Navile Lame
2014-02-01,2530,Navile Lame
2014-03-01,2498,Navile Lame
2014-04-01,2468,Navile Lame
2014-05-01,2457,Navile Lame
2014-06-01,2396,Navile Lame
2014-07-01,2457,Navile Lame
2014-08-01,2301,Navile Lame
2014-09-01,2200,Navile Lame
2014-10-01,2235,Navile Lame
2014-11-01,2162,Navile Lame
2014-12-01,2111,Navile Lame
2015-01-01,2107,Navile Lame
2015-02-01,2174,Navile Lame
2015-03-01,2303,Navile Lame
2015-04-01,2168,Navile Lame
2015-05-01,2185,Navile Lame
2015-06-01,2156,Navile Lame
2015-07-01,2119,Navile Lame
2015-08-01,2107,Navile Lame
2015-09-01,2104,Navile Lame
2015-10-01,2126,Navile Lame
2015-11-01,2107,Navile Lame
2015-12-01,2120,Navile Lame
2016-01-01,2147,Navile Lame
2016-02-01,2118,Navile Lame
2016-03-01,2156,Navile Lame
2016-04-01,2103,Navile Lame
2016-05-01,2120,Navile Lame
2016-06-01,2122,Navile Lame
2016-07-01,2119,Navile Lame
2016-08-01,2103,Navile Lame
2016-09-01,2100,Navile Lame
2016-10-01,2073,Navile Lame
2016-11-01,2019,Navile Lame
2016-12-01,1968,Navile Lame
2017-01-01,2011,Navile Lame
2017-02-01,2060,Navile Lame
2017-03-01,2058,Navile Lame
2017-04-01,2047,Navile Lame
2017-05-01,2026,Navile Lame
2017-06-01,2078,Navile Lame
2017-07-01,2059,Navile Lame
2017-08-01,2118,Navile Lame
2017-09-01,2181,Navile Lame
2017-10-01,2250,Navile Lame
2017-11-01,2325,Navile Lame
2017-12-01,2315,Navile Lame
2018-01-01,2362,Navile Lame
2018-02-01,2381,Navile Lame
2018-03-01,2250,Navile Lame
2018-04-01,2250,Navile Lame
2018-05-01,2204,Navile Lame
2018-06-01,2341,Navile Lame
2018-07-01,2299,Navile Lame
2018-08-01,2268,Navile Lame
2018-09-01,2226,Navile Lame
2018-10-01,2214,Navile Lame
2018-11-01,2217,Navile Lame
2018-12-01,2236,Navile Lame
2019-01-01,2277,Navile Lame
2019-02-01,2279,Navile Lame
2019-03-01,2298,Navile Lame
2019-04-01,2280,Navile Lame
2019-05-01,2261,Navile Lame
2019-06-01,2261,Navile Lame
2019-07-01,2289,Navile Lame
2019-08-01,2262,Navile Lame
2019-09-01,2289,Navile Lame
2019-10-01,2307,Navile Lame
2019-11-01,2433,Navile Lame
2019-12-01,2458,Navile Lame
2020-01-01,2459,Navile Lame
2020-02-01,2483,Navile Lame
2020-03-01,2486,Navile Lame
2020-04-01,2498,Navile Lame
2020-05-01,2499,Navile Lame
2020-06-01,2402,Navile Lame
2020-07-01,2460,Navile Lame
2020-08-01,2497,Navile Lame
2020-09-01,2651,Navile Lame
2020-10-01,2659,Navile Lame
2020-11-01,2653,Navile Lame
2020-12-01,2653,Navile Lame
2021-01-01,2643,Navile Lame
2021-02-01,2510,Navile Lame
2021-03-01,2507,Navile Lame
2021-04-01,2460,Navile Lame
2021-05-01,2490,Navile Lame
2021-06-01,2950,Navile Lame
2021-07-01,2946,Navile Lame
2021-08-01,2979,Navile Lame
2021-09-01,2981,Navile Lame
2021-10-01,3002,Navile Lame
2021-11-01,3002,Navile Lame
2021-12-01,3031,Navile Lame
2022-01-01,3004,Navile Lame
2022-02-01,3026,Navile Lame
2022-03-01,3111,Navile Lame
2022-04-01,3105,Navile Lame
2022-05-01,3064,Navile Lame
2022-06-01,3076,Navile Lame
2022-07-01,2995,Navile Lame
2022-08-01,3042,Navile Lame
2022-09-01,3224,Navile Lame
2022-10-01,3228,Navile Lame
2022-11-01,3315,Navile Lame
2022-12-01,3297,Navile Lame
2023-01-01,3284,Navile Lame
2023-02-01,3274,Navile Lame
2023-03-01,3339,Navile Lame
2023-04-01,3515,Navile Lame
2023-05-01,3575,Navile Lame
2023-06-01,3635,Navile Lame
2023-07-01,3657,Navile Lame
2023-08-01,3672,Navile Lame
2023-09-01,3678,Navile Lame
2023-10-01,3691,Navile Lame
2023-11-01,3689,Navile Lame
2023-12-01,3683,Navile Lame
2024-01-01,3703,Navile Lame
2024-02-01,3686,Navile Lame
2024-03-01,3723,Navile Lame
2024-04-01,3728,Navile Lame
2024-05-01,3729,Navile Lame
2024-06-01,3777,Navile Lame
2012-01-01,2789,Saffi
2012-02-01,2881,Saffi
2012-03-01,2782,Saffi
2012-04-01,2821,Saffi
2012-05-01,2778,Saffi
2012-06-01,2786,Saffi
2012-07-01,2758,Saffi
2012-08-01,2683,Saffi
2012-09-01,2673,Saffi
2012-10-01,2556,Saffi
2012-11-01,2534,Saffi
2012-12-01,2556,Saffi
2013-01-01,2572,Saffi
2013-02-01,2690,Saffi
2013-03-01,2695,Saffi
2013-04-01,2760,Saffi
2013-05-01,2746,Saffi
2013-06-01,2686,Saffi
2013-07-01,2710,Saffi
2013-08-01,2714,Saffi
2013-09-01,2626,Saffi
2013-10-01,2713,Saffi
2013-11-01,2708,Saffi
2013-12-01,2620,Saffi
2014-01-01,2677,Saffi
2014-02-01,2641,Saffi
2014-03-01,2640,Saffi
2014-04-01,2640,Saffi
2014-05-01,2500,Saffi
2014-06-01,2483,Saffi
2014-07-01,2500,Saffi
2014-08-01,2500,Saffi
2014-09-01,2500,Saffi
2014-10-01,2507,Saffi
2014-11-01,2507,Saffi
2014-12-01,2507,Saffi
2015-01-01,2529,Saffi
2015-02-01,2555,Saffi
2015-03-01,2475,Saffi
2015-04-01,2410,Saffi
2015-05-01,2390,Saffi
2015-06-01,2403,Saffi
2015-07-01,2300,Saffi
2015-08-01,2360,Saffi
2015-09-01,2357,Saffi
2015-10-01,2349,Saffi
2015-11-01,2348,Saffi
2015-12-01,2352,Saffi
2016-01-01,2345,Saffi
2016-02-01,2420,Saffi
2016-03-01,2443,Saffi
2016-04-01,2499,Saffi
2016-05-01,2537,Saffi
2016-06-01,2527,Saffi
2016-07-01,2538,Saffi
2016-08-01,2583,Saffi
2016-09-01,2588,Saffi
2016-10-01,2587,Saffi
2016-11-01,2528,Saffi
2016-12-01,2537,Saffi
2017-01-01,2526,Saffi
2017-02-01,2537,Saffi
2017-03-01,2575,Saffi
2017-04-01,2622,Saffi
2017-05-01,2618,Saffi
2017-06-01,2605,Saffi
2017-07-01,2575,Saffi
2017-08-01,2582,Saffi
2017-09-01,2616,Saffi
2017-10-01,2665,Saffi
2017-11-01,2659,Saffi
2017-12-01,2609,Saffi
2018-01-01,2576,Saffi
2018-02-01,2635,Saffi
2018-03-01,2652,Saffi
2018-04-01,2658,Saffi
2018-05-01,2657,Saffi
2018-06-01,2635,Saffi
2018-07-01,2680,Saffi
2018-08-01,2714,Saffi
2018-09-01,2784,Saffi
2018-10-01,2798,Saffi
2018-11-01,2798,Saffi
2018-12-01,2777,Saffi
2019-01-01,2790,Saffi
2019-02-01,2786,Saffi
2019-03-01,2788,Saffi
2019-04-01,2759,Saffi
2019-05-01,2960,Saffi
2019-06-01,3015,Saffi
2019-07-01,3042,Saffi
2019-08-01,2843,Saffi
2019-09-01,2776,Saffi
2019-10-01,2780,Saffi
2019-11-01,2794,Saffi
2019-12-01,2864,Saffi
2020-01-01,2881,Saffi
2020-02-01,3021,Saffi
2020-03-01,3018,Saffi
2020-04-01,3046,Saffi
2020-05-01,3026,Saffi
2020-06-01,3026,Saffi
2020-07-01,3021,Saffi
2020-08-01,2959,Saffi
2020-09-01,2815,Saffi
2020-10-01,2873,Saffi
2020-11-01,2914,Saffi
2020-12-01,3092,Saffi
2021-01-01,3157,Saffi
2021-02-01,3184,Saffi
2021-03-01,3178,Saffi
2021-04-01,3125,Saffi
2021-05-01,3101,Saffi
2021-06-01,3170,Saffi
2021-07-01,3061,Saffi
2021-08-01,3044,Saffi
2021-09-01,3089,Saffi
2021-10-01,3054,Saffi
2021-11-01,3120,Saffi
2021-12-01,3065,Saffi
2022-01-01,3147,Saffi
2022-02-01,3206,Saffi
2022-03-01,3299,Saffi
2022-04-01,3266,Saffi
2022-05-01,3219,Saffi
2022-06-01,3221,Saffi
2022-07-01,3259,Saffi
2022-08-01,3269,Saffi
2022-09-01,3193,Saffi
2022-10-01,3175,Saffi
2022-11-01,3325,Saffi
2022-12-01,3329,Saffi
2023-01-01,3454,Saffi
2023-02-01,3512,Saffi
2023-03-01,3438,Saffi
2023-04-01,3319,Saffi
2023-05-01,3278,Saffi
2023-06-01,3323,Saffi
2023-07-01,3353,Saffi
2023-08-01,3326,Saffi
2023-09-01,3490,Saffi
2023-10-01,3518,Saffi
2023-11-01,3551,Saffi
2023-12-01,3514,Saffi
2024-01-01,3464,Saffi
2024-02-01,3524,Saffi
2024-03-01,3503,Saffi
2024-04-01,3356,Saffi
2024-05-01,3337,Saffi
2012-02-01,2799,Roveri
2012-03-01,2815,Roveri
2012-04-01,2796,Roveri
2012-05-01,2823,Roveri
2012-06-01,2842,Roveri
2012-07-01,2804,Roveri
2012-08-01,2821,Roveri
2012-09-01,2818,Roveri
2012-10-01,2852,Roveri
2012-11-01,2812,Roveri
2012-12-01,2796,Roveri
2013-01-01,2817,Roveri
2013-02-01,2788,Roveri
2013-03-01,2833,Roveri
2013-04-01,2783,Roveri
2013-05-01,2793,Roveri
2013-06-01,2854,Roveri
2013-07-01,2853,Roveri
2013-08-01,2823,Roveri
2013-09-01,2827,Roveri
2013-10-01,2792,Roveri
2013-11-01,2817,Roveri
2013-12-01,2835,Roveri
2014-01-01,2788,Roveri
2014-02-01,2824,Roveri
2014-03-01,2832,Roveri
2014-04-01,2833,Roveri
2014-05-01,2843,Roveri
2014-06-01,2828,Roveri
2014-07-01,2812,Roveri
2014-08-01,2837,Roveri
2014-09-01,3026,Roveri
2014-10-01,2964,Roveri
2014-11-01,3000,Roveri
2014-12-01,2948,Roveri
2015-01-01,2940,Roveri
2015-02-01,2870,Roveri
2015-03-01,2845,Roveri
2015-04-01,2883,Roveri
2015-05-01,2877,Roveri
2015-06-01,2746,Roveri
2015-07-01,2746,Roveri
2015-08-01,2789,Roveri
2015-09-01,2767,Roveri
2015-10-01,2735,Roveri
2015-11-01,2771,Roveri
2015-12-01,2795,Roveri
2016-01-01,2689,Roveri
2016-02-01,2753,Roveri
2016-03-01,2746,Roveri
2016-04-01,2745,Roveri
2016-05-01,2711,Roveri
2016-06-01,2717,Roveri
2016-07-01,2646,Roveri
2016-08-01,2620,Roveri
2016-09-01,2630,Roveri
2016-10-01,2698,Roveri
2016-11-01,2710,Roveri
2016-12-01,2717,Roveri
2017-01-01,2595,Roveri
2017-02-01,2550,Roveri
2017-03-01,2531,Roveri
2017-04-01,2495,Roveri
2017-05-01,2524,Roveri
2017-06-01,2580,Roveri
2017-07-01,2511,Roveri
2017-08-01,2504,Roveri
2017-09-01,2456,Roveri
2017-10-01,2496,Roveri
2017-11-01,2499,Roveri
2017-12-01,2521,Roveri
2018-01-01,2582,Roveri
2018-02-01,2583,Roveri
2018-03-01,2598,Roveri
2018-04-01,2623,Roveri
2018-05-01,2561,Roveri
2018-06-01,2566,Roveri
2018-07-01,2569,Roveri
2018-08-01,2560,Roveri
2018-09-01,2623,Roveri
2018-10-01,2615,Roveri
2018-11-01,2625,Roveri
2018-12-01,2615,Roveri
2019-01-01,2669,Roveri
2019-02-01,2593,Roveri
2019-03-01,2538,Roveri
2019-04-01,2471,Roveri
2019-05-01,2425,Roveri
2019-06-01,2437,Roveri
2019-07-01,2470,Roveri
2019-08-01,2541,Roveri
2019-09-01,2656,Roveri
2019-10-01,2670,Roveri
2019-11-01,2660,Roveri
2019-12-01,2646,Roveri
2020-01-01,2727,Roveri
2020-02-01,2745,Roveri
2020-03-01,2791,Roveri
2020-04-01,2746,Roveri
2020-05-01,2746,Roveri
2020-06-01,2746,Roveri
2020-07-01,2769,Roveri
2020-08-01,2789,Roveri
2020-09-01,2874,Roveri
2020-10-01,2883,Roveri
2020-11-01,2840,Roveri
2020-12-01,2797,Roveri
2021-01-01,2797,Roveri
2021-02-01,2836,Roveri
2021-03-01,2824,Roveri
2021-04-01,2857,Roveri
2021-05-01,2856,Roveri
2021-06-01,2836,Roveri
2021-07-01,2815,Roveri
2021-08-01,2702,Roveri
2021-09-01,2802,Roveri
2021-10-01,2829,Roveri
2021-11-01,2869,Roveri
2021-12-01,2890,Roveri
2022-01-01,2887,Roveri
2022-02-01,2854,Roveri
2022-03-01,2829,Roveri
2022-04-01,2847,Roveri
2022-05-01,2942,Roveri
2022-06-01,2926,Roveri
2022-07-01,2840,Roveri
2022-08-01,2792,Roveri
2022-09-01,2714,Roveri
2022-10-01,2633,Roveri
2022-11-01,2647,Roveri
2022-12-01,2768,Roveri
2023-01-01,2889,Roveri
2023-02-01,2870,Roveri
2023-03-01,2909,Roveri
2023-04-01,2917,Roveri
2023-05-01,2928,Roveri
2023-06-01,2963,Roveri
2023-07-01,2930,Roveri
2023-08-01,2911,Roveri
2023-09-01,3184,Roveri
2023-10-01,3139,Roveri
2023-11-01,3116,Roveri
2023-12-01,3059,Roveri
2024-01-01,2979,Roveri
2024-02-01,2994,Roveri
2024-03-01,3022,Roveri
2024-04-01,3013,Roveri
2024-05-01,2988,Roveri
2012-02-01,2527,San Donato-Fiera
2012-03-01,2518,San Donato-Fiera
2012-04-01,2533,San Donato-Fiera
2012-05-01,2538,San Donato-Fiera
2012-06-01,2522,San Donato-Fiera
2012-07-01,2545,San Donato-Fiera
2012-08-01,2519,San Donato-Fiera
2012-09-01,2530,San Donato-Fiera
2012-10-01,2528,San Donato-Fiera
2012-11-01,2541,San Donato-Fiera
2012-12-01,2531,San Donato-Fiera
2013-01-01,2516,San Donato-Fiera
2013-02-01,2543,San Donato-Fiera
2013-03-01,2514,San Donato-Fiera
2013-04-01,2512,San Donato-Fiera
2013-05-01,2515,San Donato-Fiera
2013-06-01,2517,San Donato-Fiera
2013-07-01,2526,San Donato-Fiera
2013-08-01,2532,San Donato-Fiera
2013-09-01,2521,San Donato-Fiera
2013-10-01,2511,San Donato-Fiera
2013-11-01,2525,San Donato-Fiera
2013-12-01,2520,San Donato-Fiera
2014-01-01,2522,San Donato-Fiera
2014-02-01,2519,San Donato-Fiera
2014-03-01,2524,San Donato-Fiera
2014-04-01,2533,San Donato-Fiera
2014-05-01,2523,San Donato-Fiera
2014-06-01,2529,San Donato-Fiera
2014-07-01,2532,San Donato-Fiera
2014-08-01,2527,San Donato-Fiera
2014-09-01,2530,San Donato-Fiera
2014-10-01,2524,San Donato-Fiera
2014-11-01,2523,San Donato-Fiera
2014-12-01,2531,San Donato-Fiera
2015-01-01,2523,San Donato-Fiera
2015-02-01,2526,San Donato-Fiera
2015-03-01,2530,San Donato-Fiera
2015-04-01,2520,San Donato-Fiera
2015-05-01,2533,San Donato-Fiera
2015-06-01,2516,San Donato-Fiera
2015-07-01,2522,San Donato-Fiera
2015-08-01,2518,San Donato-Fiera
2015-09-01,2512,San Donato-Fiera
2015-10-01,2517,San Donato-Fiera
2015-11-01,2528,San Donato-Fiera
2015-12-01,2513,San Donato-Fiera
2016-01-01,2524,San Donato-Fiera
2016-02-01,2525,San Donato-Fiera
2016-03-01,2511,San Donato-Fiera
2016-04-01,2531,San Donato-Fiera
2016-05-01,2519,San Donato-Fiera
2016-06-01,2528,San Donato-Fiera
2016-07-01,2521,San Donato-Fiera
2016-08-01,2517,San Donato-Fiera
2016-09-01,2527,San Donato-Fiera
2016-10-01,2514,San Donato-Fiera
2016-11-01,2513,San Donato-Fiera
2016-12-01,2526,San Donato-Fiera
2017-01-01,2522,San Donato-Fiera
2017-02-01,2531,San Donato-Fiera
2017-03-01,2529,San Donato-Fiera
2017-04-01,2530,San Donato-Fiera
2017-05-01,2532,San Donato-Fiera
2017-06-01,2517,San Donato-Fiera
2017-07-01,2520,San Donato-Fiera
2017-08-01,2530,San Donato-Fiera
2017-09-01,2518,San Donato-Fiera
2017-10-01,2527,San Donato-Fiera
2017-11-01,2532,San Donato-Fiera
2017-12-01,2530,San Donato-Fiera
2018-01-01,2528,San Donato-Fiera
2018-02-01,2515,San Donato-Fiera
2018-03-01,2519,San Donato-Fiera
2018-04-01,2530,San Donato-Fiera
2018-05-01,2523,San Donato-Fiera
2018-06-01,2526,San Donato-Fiera
2018-07-01,2525,San Donato-Fiera
2018-08-01,2522,San Donato-Fiera
2018-09-01,2521,San Donato-Fiera
2018-10-01,2520,San Donato-Fiera
2018-11-01,2532,San Donato-Fiera
2018-12-01,2531,San Donato-Fiera
2019-01-01,2518,San Donato-Fiera
2019-02-01,2527,San Donato-Fiera
2019-03-01,2532,San Donato-Fiera
2019-04-01,2519,San Donato-Fiera
2019-05-01,2523,San Donato-Fiera
2019-06-01,2530,San Donato-Fiera
2019-07-01,2526,San Donato-Fiera
2019-08-01,2520,San Donato-Fiera
2019-09-01,2528,San Donato-Fiera
2019-10-01,2525,San Donato-Fiera
2019-11-01,2517,San Donato-Fiera
2019-12-01,2521,San Donato-Fiera
2020-01-01,2519,San Donato-Fiera
2020-02-01,2526,San Donato-Fiera
2020-03-01,2515,San Donato-Fiera
2020-04-01,2524,San Donato-Fiera
2020-05-01,2514,San Donato-Fiera
2020-06-01,2517,San Donato-Fiera
2020-07-01,2523,San Donato-Fiera
2020-08-01,2521,San Donato-Fiera
2020-09-01,2531,San Donato-Fiera
2020-10-01,2527,San Donato-Fiera
2020-11-01,2519,San Donato-Fiera
2020-12-01,2529,San Donato-Fiera
2021-01-01,2518,San Donato-Fiera
2021-02-01,2525,San Donato-Fiera
2021-03-01,2512,San Donato-Fiera
2021-04-01,2514,San Donato-Fiera
2021-05-01,2522,San Donato-Fiera
2021-06-01,2530,San Donato-Fiera
2021-07-01,2529,San Donato-Fiera
2021-08-01,2528,San Donato-Fiera
2021-09-01,2519,San Donato-Fiera
2021-10-01,2524,San Donato-Fiera
2021-11-01,2516,San Donato-Fiera
2021-12-01,2527,San Donato-Fiera
2022-01-01,2530,San Donato-Fiera
2022-02-01,2513,San Donato-Fiera
2022-03-01,2528,San Donato-Fiera
2022-04-01,2518,San Donato-Fiera
2022-05-01,2525,San Donato-Fiera
2022-06-01,2523,San Donato-Fiera
2022-07-01,2532,San Donato-Fiera
2022-08-01,2515,San Donato-Fiera
2022-09-01,2517,San Donato-Fiera
2022-10-01,2530,San Donato-Fiera
2022-11-01,2521,San Donato-Fiera
2022-12-01,2516,San Donato-Fiera
2023-01-01,2523,San Donato-Fiera
2023-02-01,2529,San Donato-Fiera
2023-03-01,2531,San Donato-Fiera
2023-04-01,2526,San Donato-Fiera
2023-05-01,2514,San Donato-Fiera
2023-06-01,2519,San Donato-Fiera
2023-07-01,2517,San Donato-Fiera
2023-08-01,2520,San Donato-Fiera
2023-09-01,2525,San Donato-Fiera
2023-10-01,2521,San Donato-Fiera
2023-11-01,2515,San Donato-Fiera
2023-12-01,2524,San Donato-Fiera
2024-01-01,2519,San Donato-Fiera
2024-02-01,2522,San Donato-Fiera
2024-03-01,2523,San Donato-Fiera
2024-04-01,2526,San Donato-Fiera
2024-05-01,2605,San Donato-Fiera
2012-01-01,3569,San Mamolo-Colli
2012-02-01,3582,San Mamolo-Colli
2012-03-01,3601,San Mamolo-Colli
2012-04-01,3573,San Mamolo-Colli
2012-05-01,3567,San Mamolo-Colli
2012-06-01,3595,San Mamolo-Colli
2012-07-01,3590,San Mamolo-Colli
2012-08-01,3580,San Mamolo-Colli
2012-09-01,3597,San Mamolo-Colli
2012-10-01,3602,San Mamolo-Colli
2012-11-01,3579,San Mamolo-Colli
2012-12-01,3558,San Mamolo-Colli
2013-01-01,3551,San Mamolo-Colli
2013-02-01,3583,San Mamolo-Colli
2013-03-01,3743,San Mamolo-Colli
2013-04-01,3671,San Mamolo-Colli
2013-05-01,3861,San Mamolo-Colli
2013-06-01,3880,San Mamolo-Colli
2013-07-01,3824,San Mamolo-Colli
2013-08-01,3731,San Mamolo-Colli
2013-09-01,3625,San Mamolo-Colli
2013-10-01,3626,San Mamolo-Colli
2013-11-01,3622,San Mamolo-Colli
2013-12-01,3567,San Mamolo-Colli
2014-01-01,3656,San Mamolo-Colli
2014-02-01,3674,San Mamolo-Colli
2014-03-01,3705,San Mamolo-Colli
2014-04-01,3914,San Mamolo-Colli
2014-05-01,3739,San Mamolo-Colli
2014-06-01,3794,San Mamolo-Colli
2014-07-01,3732,San Mamolo-Colli
2014-08-01,3704,San Mamolo-Colli
2014-09-01,3677,San Mamolo-Colli
2014-10-01,3677,San Mamolo-Colli
2014-11-01,3647,San Mamolo-Colli
2014-12-01,3537,San Mamolo-Colli
2015-01-01,3659,San Mamolo-Colli
2015-02-01,3652,San Mamolo-Colli
2015-03-01,3677,San Mamolo-Colli
2015-04-01,3619,San Mamolo-Colli
2015-05-01,3592,San Mamolo-Colli
2015-06-01,3543,San Mamolo-Colli
2015-07-01,3541,San Mamolo-Colli
2015-08-01,3422,San Mamolo-Colli
2015-09-01,3413,San Mamolo-Colli
2015-10-01,3391,San Mamolo-Colli
2015-11-01,3514,San Mamolo-Colli
2015-12-01,3677,San Mamolo-Colli
2016-01-01,3841,San Mamolo-Colli
2016-02-01,3866,San Mamolo-Colli
2016-03-01,3834,San Mamolo-Colli
2016-04-01,3697,San Mamolo-Colli
2016-05-01,3658,San Mamolo-Colli
2016-06-01,3496,San Mamolo-Colli
2016-07-01,3484,San Mamolo-Colli
2016-08-01,3451,San Mamolo-Colli
2016-09-01,3461,San Mamolo-Colli
2016-10-01,3545,San Mamolo-Colli
2016-11-01,3677,San Mamolo-Colli
2016-12-01,3533,San Mamolo-Colli
2017-01-01,3539,San Mamolo-Colli
2017-02-01,3620,San Mamolo-Colli
2017-03-01,3614,San Mamolo-Colli
2017-04-01,3654,San Mamolo-Colli
2017-05-01,3669,San Mamolo-Colli
2017-06-01,3618,San Mamolo-Colli
2017-07-01,3429,San Mamolo-Colli
2017-08-01,3445,San Mamolo-Colli
2017-09-01,3579,San Mamolo-Colli
2017-10-01,3453,San Mamolo-Colli
2017-11-01,3550,San Mamolo-Colli
2017-12-01,3549,San Mamolo-Colli
2018-01-01,3585,San Mamolo-Colli
2018-02-01,3599,San Mamolo-Colli
2018-03-01,3527,San Mamolo-Colli
2018-04-01,3482,San Mamolo-Colli
2018-05-01,3511,San Mamolo-Colli
2018-06-01,3607,San Mamolo-Colli
2018-07-01,3614,San Mamolo-Colli
2018-08-01,3590,San Mamolo-Colli
2018-09-01,3578,San Mamolo-Colli
2018-10-01,3667,San Mamolo-Colli
2018-11-01,3664,San Mamolo-Colli
2018-12-01,3711,San Mamolo-Colli
2019-01-01,3670,San Mamolo-Colli
2019-02-01,3759,San Mamolo-Colli
2019-03-01,3772,San Mamolo-Colli
2019-04-01,3850,San Mamolo-Colli
2019-05-01,3910,San Mamolo-Colli
2019-06-01,3827,San Mamolo-Colli
2019-07-01,3848,San Mamolo-Colli
2019-08-01,3814,San Mamolo-Colli
2019-09-01,3883,San Mamolo-Colli
2019-10-01,3995,San Mamolo-Colli
2019-11-01,4093,San Mamolo-Colli
2019-12-01,4017,San Mamolo-Colli
2020-01-01,3984,San Mamolo-Colli
2020-02-01,4076,San Mamolo-Colli
2020-03-01,4009,San Mamolo-Colli
2020-04-01,4063,San Mamolo-Colli
2020-05-01,4222,San Mamolo-Colli
2020-06-01,4006,San Mamolo-Colli
2020-07-01,3951,San Mamolo-Colli
2020-08-01,3897,San Mamolo-Colli
2020-09-01,3886,San Mamolo-Colli
2020-10-01,3960,San Mamolo-Colli
2020-11-01,4130,San Mamolo-Colli
2020-12-01,4163,San Mamolo-Colli
2021-01-01,4143,San Mamolo-Colli
2021-02-01,4137,San Mamolo-Colli
2021-03-01,4196,San Mamolo-Colli
2021-04-01,4284,San Mamolo-Colli
2021-05-01,4142,San Mamolo-Colli
2021-06-01,4095,San Mamolo-Colli
2021-07-01,4216,San Mamolo-Colli
2021-08-01,4355,San Mamolo-Colli
2021-09-01,4354,San Mamolo-Colli
2021-10-01,4370,San Mamolo-Colli
2021-11-01,4222,San Mamolo-Colli
2021-12-01,4244,San Mamolo-Colli
2022-01-01,4255,San Mamolo-Colli
2022-02-01,4334,San Mamolo-Colli
2022-03-01,4308,San Mamolo-Colli
2022-04-01,4288,San Mamolo-Colli
2022-05-01,4298,San Mamolo-Colli
2022-06-01,4179,San Mamolo-Colli
2022-07-01,4334,San Mamolo-Colli
2022-08-01,4597,San Mamolo-Colli
2022-09-01,4418,San Mamolo-Colli
2022-10-01,4475,San Mamolo-Colli
2022-11-01,4472,San Mamolo-Colli
2022-12-01,4463,San Mamolo-Colli
2023-01-01,4357,San Mamolo-Colli
2023-02-01,4279,San Mamolo-Colli
2023-03-01,4305,San Mamolo-Colli
2023-04-01,4317,San Mamolo-Colli
2023-05-01,4166,San Mamolo-Colli
2023-06-01,4236,San Mamolo-Colli
2023-07-01,4119,San Mamolo-Colli
2023-08-01,4109,San Mamolo-Colli
2023-09-01,4194,San Mamolo-Colli
2023-10-01,4383,San Mamolo-Colli
2023-11-01,4330,San Mamolo-Colli
2023-12-01,4295,San Mamolo-Colli
2024-01-01,4268,San Mamolo-Colli
2024-02-01,4369,San Mamolo-Colli
2024-03-01,4433,San Mamolo-Colli
2024-04-01,4320,San Mamolo-Colli
2012-01-01,3128,San Vitale-Massarenti
2012-02-01,2993,San Vitale-Massarenti
2012-03-01,3039,San Vitale-Massarenti
2012-04-01,3057,San Vitale-Massarenti
2012-05-01,3056,San Vitale-Massarenti
2012-06-01,3109,San Vitale-Massarenti
2012-07-01,3000,San Vitale-Massarenti
2012-08-01,3132,San Vitale-Massarenti
2012-09-01,3113,San Vitale-Massarenti
2012-10-01,3067,San Vitale-Massarenti
2012-11-01,3103,San Vitale-Massarenti
2012-12-01,3124,San Vitale-Massarenti
2013-01-01,3056,San Vitale-Massarenti
2013-02-01,2971,San Vitale-Massarenti
2013-03-01,3029,San Vitale-Massarenti
2013-04-01,3077,San Vitale-Massarenti
2013-05-01,3065,San Vitale-Massarenti
2013-06-01,3119,San Vitale-Massarenti
2013-07-01,3092,San Vitale-Massarenti
2013-08-01,2971,San Vitale-Massarenti
2013-09-01,3101,San Vitale-Massarenti
2013-10-01,3113,San Vitale-Massarenti
2013-11-01,3099,San Vitale-Massarenti
2013-12-01,3184,San Vitale-Massarenti
2014-01-01,3166,San Vitale-Massarenti
2014-02-01,3054,San Vitale-Massarenti
2014-03-01,3026,San Vitale-Massarenti
2014-04-01,2901,San Vitale-Massarenti
2014-05-01,2719,San Vitale-Massarenti
2014-06-01,2782,San Vitale-Massarenti
2014-07-01,2689,San Vitale-Massarenti
2014-08-01,2683,San Vitale-Massarenti
2014-09-01,2685,San Vitale-Massarenti
2014-10-01,2642,San Vitale-Massarenti
2014-11-01,2610,San Vitale-Massarenti
2014-12-01,2620,San Vitale-Massarenti
2015-01-01,2656,San Vitale-Massarenti
2015-02-01,2527,San Vitale-Massarenti
2015-03-01,2608,San Vitale-Massarenti
2015-04-01,2520,San Vitale-Massarenti
2015-05-01,2608,San Vitale-Massarenti
2015-06-01,2775,San Vitale-Massarenti
2015-07-01,2777,San Vitale-Massarenti
2015-08-01,2612,San Vitale-Massarenti
2015-09-01,2604,San Vitale-Massarenti
2015-10-01,2579,San Vitale-Massarenti
2015-11-01,2542,San Vitale-Massarenti
2015-12-01,2555,San Vitale-Massarenti
2016-01-01,2631,San Vitale-Massarenti
2016-02-01,2602,San Vitale-Massarenti
2016-03-01,2602,San Vitale-Massarenti
2016-04-01,2518,San Vitale-Massarenti
2016-05-01,2487,San Vitale-Massarenti
2016-06-01,2489,San Vitale-Massarenti
2016-07-01,2537,San Vitale-Massarenti
2016-08-01,2584,San Vitale-Massarenti
2016-09-01,2645,San Vitale-Massarenti
2016-10-01,2603,San Vitale-Massarenti
2016-11-01,2550,San Vitale-Massarenti
2016-12-01,2635,San Vitale-Massarenti
2017-01-01,2584,San Vitale-Massarenti
2017-02-01,2556,San Vitale-Massarenti
2017-03-01,2504,San Vitale-Massarenti
2017-04-01,2518,San Vitale-Massarenti
2017-05-01,2545,San Vitale-Massarenti
2017-06-01,2671,San Vitale-Massarenti
2017-07-01,2742,San Vitale-Massarenti
2017-08-01,2696,San Vitale-Massarenti
2017-09-01,2683,San Vitale-Massarenti
2017-10-01,2736,San Vitale-Massarenti
2017-11-01,2784,San Vitale-Massarenti
2017-12-01,2783,San Vitale-Massarenti
2018-01-01,2825,San Vitale-Massarenti
2018-02-01,2798,San Vitale-Massarenti
2018-03-01,2808,San Vitale-Massarenti
2018-04-01,2808,San Vitale-Massarenti
2018-05-01,2907,San Vitale-Massarenti
2018-06-01,2941,San Vitale-Massarenti
2018-07-01,2938,San Vitale-Massarenti
2018-08-01,2903,San Vitale-Massarenti
2018-09-01,2891,San Vitale-Massarenti
2018-10-01,2889,San Vitale-Massarenti
2018-11-01,2817,San Vitale-Massarenti
2018-12-01,2837,San Vitale-Massarenti
2019-01-01,2843,San Vitale-Massarenti
2019-02-01,2868,San Vitale-Massarenti
2019-03-01,2893,San Vitale-Massarenti
2019-04-01,2912,San Vitale-Massarenti
2019-05-01,2984,San Vitale-Massarenti
2019-06-01,3061,San Vitale-Massarenti
2019-07-01,3040,San Vitale-Massarenti
2019-08-01,3062,San Vitale-Massarenti
2019-09-01,3130,San Vitale-Massarenti
2019-10-01,3144,San Vitale-Massarenti
2019-11-01,3148,San Vitale-Massarenti
2019-12-01,3138,San Vitale-Massarenti
2020-01-01,3147,San Vitale-Massarenti
2020-02-01,3126,San Vitale-Massarenti
2020-03-01,3096,San Vitale-Massarenti
2020-04-01,3055,San Vitale-Massarenti
2020-05-01,3077,San Vitale-Massarenti
2020-06-01,2983,San Vitale-Massarenti
2020-07-01,2985,San Vitale-Massarenti
2020-08-01,3087,San Vitale-Massarenti
2020-09-01,3133,San Vitale-Massarenti
2020-10-01,3082,San Vitale-Massarenti
2020-11-01,3125,San Vitale-Massarenti
2020-12-01,3121,San Vitale-Massarenti
2021-01-01,3088,San Vitale-Massarenti
2021-02-01,3115,San Vitale-Massarenti
2021-03-01,3080,San Vitale-Massarenti
2021-04-01,3087,San Vitale-Massarenti
2021-05-01,3101,San Vitale-Massarenti
2021-06-01,3075,San Vitale-Massarenti
2021-07-01,3098,San Vitale-Massarenti
2021-08-01,3135,San Vitale-Massarenti
2021-09-01,3182,San Vitale-Massarenti
2021-10-01,3236,San Vitale-Massarenti
2021-11-01,3175,San Vitale-Massarenti
2021-12-01,3195,San Vitale-Massarenti
2022-01-01,3151,San Vitale-Massarenti
2022-02-01,3198,San Vitale-Massarenti
2022-03-01,3224,San Vitale-Massarenti
2022-04-01,3203,San Vitale-Massarenti
2022-05-01,3186,San Vitale-Massarenti
2022-06-01,3246,San Vitale-Massarenti
2022-07-01,3257,San Vitale-Massarenti
2022-08-01,3276,San Vitale-Massarenti
2022-09-01,3257,San Vitale-Massarenti
2022-10-01,3237,San Vitale-Massarenti
2022-11-01,3278,San Vitale-Massarenti
2022-12-01,3270,San Vitale-Massarenti
2023-01-01,3292,San Vitale-Massarenti
2023-02-01,3333,San Vitale-Massarenti
2023-03-01,3335,San Vitale-Massarenti
2023-04-01,3231,San Vitale-Massarenti
2023-05-01,3300,San Vitale-Massarenti
2023-06-01,3229,San Vitale-Massarenti
2023-07-01,3212,San Vitale-Massarenti
2023-08-01,3239,San Vitale-Massarenti
2023-09-01,3347,San Vitale-Massarenti
2023-10-01,3358,San Vitale-Massarenti
2023-11-01,3413,San Vitale-Massarenti
2023-12-01,3418,San Vitale-Massarenti
2024-01-01,3387,San Vitale-Massarenti
2024-02-01,3342,San Vitale-Massarenti
2024-03-01,3340,San Vitale-Massarenti
2024-04-01,3295,San Vitale-Massarenti
2024-05-01,3308,San Vitale-Massarenti
2012-01-01,2903,Toscana-San Ruffillo
2012-02-01,2872,Toscana-San Ruffillo
2012-03-01,2836,Toscana-San Ruffillo
2012-04-01,2831,Toscana-San Ruffillo
2012-05-01,2778,Toscana-San Ruffillo
2012-06-01,2775,Toscana-San Ruffillo
2012-07-01,2769,Toscana-San Ruffillo
2012-08-01,2751,Toscana-San Ruffillo
2012-09-01,2730,Toscana-San Ruffillo
2012-10-01,2687,Toscana-San Ruffillo
2012-11-01,2691,Toscana-San Ruffillo
2012-12-01,2686,Toscana-San Ruffillo
2013-01-01,2682,Toscana-San Ruffillo
2013-02-01,2718,Toscana-San Ruffillo
2013-03-01,2730,Toscana-San Ruffillo
2013-04-01,2647,Toscana-San Ruffillo
2013-05-01,2628,Toscana-San Ruffillo
2013-06-01,2583,Toscana-San Ruffillo
2013-07-01,2661,Toscana-San Ruffillo
2013-08-01,2626,Toscana-San Ruffillo
2013-09-01,2688,Toscana-San Ruffillo
2013-10-01,2690,Toscana-San Ruffillo
2013-11-01,2634,Toscana-San Ruffillo
2013-12-01,2587,Toscana-San Ruffillo
2014-01-01,2571,Toscana-San Ruffillo
2014-02-01,2501,Toscana-San Ruffillo
2014-03-01,2455,Toscana-San Ruffillo
2014-04-01,2454,Toscana-San Ruffillo
2014-05-01,2466,Toscana-San Ruffillo
2014-06-01,2470,Toscana-San Ruffillo
2014-07-01,2500,Toscana-San Ruffillo
2014-08-01,2409,Toscana-San Ruffillo
2014-09-01,2396,Toscana-San Ruffillo
2014-10-01,2417,Toscana-San Ruffillo
2014-11-01,2411,Toscana-San Ruffillo
2014-12-01,2403,Toscana-San Ruffillo
2015-01-01,2391,Toscana-San Ruffillo
2015-02-01,2383,Toscana-San Ruffillo
2015-03-01,2340,Toscana-San Ruffillo
2015-04-01,2292,Toscana-San Ruffillo
2015-05-01,2330,Toscana-San Ruffillo
2015-06-01,2283,Toscana-San Ruffillo
2015-07-01,2232,Toscana-San Ruffillo
2015-08-01,2241,Toscana-San Ruffillo
2015-09-01,2235,Toscana-San Ruffillo
2015-10-01,2248,Toscana-San Ruffillo
2015-11-01,2222,Toscana-San Ruffillo
2015-12-01,2251,Toscana-San Ruffillo
2016-01-01,2366,Toscana-San Ruffillo
2016-02-01,2357,Toscana-San Ruffillo
2016-03-01,2340,Toscana-San Ruffillo
2016-04-01,2318,Toscana-San Ruffillo
2016-05-01,2290,Toscana-San Ruffillo
2016-06-01,2266,Toscana-San Ruffillo
2016-07-01,2417,Toscana-San Ruffillo
2016-08-01,2420,Toscana-San Ruffillo
2016-09-01,2435,Toscana-San Ruffillo
2016-10-01,2447,Toscana-San Ruffillo
2016-11-01,2400,Toscana-San Ruffillo
2016-12-01,2316,Toscana-San Ruffillo
2017-01-01,2303,Toscana-San Ruffillo
2017-02-01,2335,Toscana-San Ruffillo
2017-03-01,2396,Toscana-San Ruffillo
2017-04-01,2370,Toscana-San Ruffillo
2017-05-01,2312,Toscana-San Ruffillo
2017-06-01,2318,Toscana-San Ruffillo
2017-07-01,2298,Toscana-San Ruffillo
2017-08-01,2319,Toscana-San Ruffillo
2017-09-01,2479,Toscana-San Ruffillo
2017-10-01,2513,Toscana-San Ruffillo
2017-11-01,2583,Toscana-San Ruffillo
2017-12-01,2636,Toscana-San Ruffillo
2018-01-01,2599,Toscana-San Ruffillo
2018-02-01,2601,Toscana-San Ruffillo
2018-03-01,2579,Toscana-San Ruffillo
2018-04-01,2622,Toscana-San Ruffillo
2018-05-01,2582,Toscana-San Ruffillo
2018-06-01,2519,Toscana-San Ruffillo
2018-07-01,2532,Toscana-San Ruffillo
2018-08-01,2635,Toscana-San Ruffillo
2018-09-01,2636,Toscana-San Ruffillo
2018-10-01,2717,Toscana-San Ruffillo
2018-11-01,2698,Toscana-San Ruffillo
2018-12-01,2700,Toscana-San Ruffillo
2019-01-01,2820,Toscana-San Ruffillo
2019-02-01,2827,Toscana-San Ruffillo
2019-03-01,2734,Toscana-San Ruffillo
2019-04-01,2748,Toscana-San Ruffillo
2019-05-01,2734,Toscana-San Ruffillo
2019-06-01,2763,Toscana-San Ruffillo
2019-07-01,2728,Toscana-San Ruffillo
2019-08-01,2702,Toscana-San Ruffillo
2019-09-01,2740,Toscana-San Ruffillo
2019-10-01,2740,Toscana-San Ruffillo
2019-11-01,2719,Toscana-San Ruffillo
2019-12-01,2665,Toscana-San Ruffillo
2020-01-01,2675,Toscana-San Ruffillo
2020-02-01,2751,Toscana-San Ruffillo
2020-03-01,2817,Toscana-San Ruffillo
2020-04-01,2823,Toscana-San Ruffillo
2020-05-01,2858,Toscana-San Ruffillo
2020-06-01,2882,Toscana-San Ruffillo
2020-07-01,2867,Toscana-San Ruffillo
2020-08-01,2809,Toscana-San Ruffillo
2020-09-01,2705,Toscana-San Ruffillo
2020-10-01,2768,Toscana-San Ruffillo
2020-11-01,2681,Toscana-San Ruffillo
2020-12-01,2714,Toscana-San Ruffillo
2021-01-01,2779,Toscana-San Ruffillo
2021-02-01,2854,Toscana-San Ruffillo
2021-03-01,2829,Toscana-San Ruffillo
2021-04-01,2835,Toscana-San Ruffillo
2021-05-01,2946,Toscana-San Ruffillo
2021-06-01,2967,Toscana-San Ruffillo
2021-07-01,2977,Toscana-San Ruffillo
2021-08-01,2964,Toscana-San Ruffillo
2021-09-01,2967,Toscana-San Ruffillo
2021-10-01,2934,Toscana-San Ruffillo
2021-11-01,2904,Toscana-San Ruffillo
2021-12-01,2896,Toscana-San Ruffillo
2022-01-01,2858,Toscana-San Ruffillo
2022-02-01,2856,Toscana-San Ruffillo
2022-03-01,2862,Toscana-San Ruffillo
2022-04-01,2875,Toscana-San Ruffillo
2022-05-01,3011,Toscana-San Ruffillo
2022-06-01,3008,Toscana-San Ruffillo
2022-07-01,3066,Toscana-San Ruffillo
2022-08-01,3073,Toscana-San Ruffillo
2022-09-01,3081,Toscana-San Ruffillo
2022-10-01,3070,Toscana-San Ruffillo
2022-11-01,3100,Toscana-San Ruffillo
2022-12-01,3077,Toscana-San Ruffillo
2023-01-01,3095,Toscana-San Ruffillo
2023-02-01,3080,Toscana-San Ruffillo
2023-03-01,3055,Toscana-San Ruffillo
2023-04-01,3011,Toscana-San Ruffillo
2023-05-01,2991,Toscana-San Ruffillo
2023-06-01,3068,Toscana-San Ruffillo
2023-07-01,3190,Toscana-San Ruffillo
2023-08-01,3141,Toscana-San Ruffillo
2023-09-01,3232,Toscana-San Ruffillo
2023-10-01,3341,Toscana-San Ruffillo
2023-11-01,3292,Toscana-San Ruffillo
2023-12-01,3249,Toscana-San Ruffillo
2024-01-01,3190,Toscana-San Ruffillo
2024-02-01,3178,Toscana-San Ruffillo
2024-03-01,3092,Toscana-San Ruffillo
2024-04-01,3180,Toscana-San Ruffillo
2024-05-01,3219,Toscana-San Ruffillo
2012-01-01,2862,Santa Viola
2012-02-01,2867,Santa Viola
2012-03-01,2864,Santa Viola
2012-04-01,2904,Santa Viola
2012-05-01,2811,Santa Viola
2012-06-01,2810,Santa Viola
2012-07-01,2754,Santa Viola
2012-08-01,2927,Santa Viola
2012-09-01,2980,Santa Viola
2012-10-01,2991,Santa Viola
2012-11-01,2917,Santa Viola
2012-12-01,2900,Santa Viola
2013-01-01,2942,Santa Viola
2013-02-01,3025,Santa Viola
2013-03-01,2907,Santa Viola
2013-04-01,3096,Santa Viola
2013-05-01,3111,Santa Viola
2013-06-01,3102,Santa Viola
2013-07-01,3038,Santa Viola
2013-08-01,2921,Santa Viola
2013-09-01,2979,Santa Viola
2013-10-01,2966,Santa Viola
2013-11-01,2894,Santa Viola
2013-12-01,2741,Santa Viola
2014-01-01,2651,Santa Viola
2014-02-01,2573,Santa Viola
2014-03-01,2549,Santa Viola
2014-04-01,2483,Santa Viola
2014-05-01,2437,Santa Viola
2014-06-01,2499,Santa Viola
2014-07-01,2432,Santa Viola
2014-08-01,2437,Santa Viola
2014-09-01,2478,Santa Viola
2014-10-01,2453,Santa Viola
2014-11-01,2453,Santa Viola
2014-12-01,2425,Santa Viola
2015-01-01,2421,Santa Viola
2015-02-01,2437,Santa Viola
2015-03-01,2401,Santa Viola
2015-04-01,2412,Santa Viola
2015-05-01,2382,Santa Viola
2015-06-01,2279,Santa Viola
2015-07-01,2220,Santa Viola
2015-08-01,2153,Santa Viola
2015-09-01,2146,Santa Viola
2015-10-01,2162,Santa Viola
2015-11-01,2147,Santa Viola
2015-12-01,2207,Santa Viola
2016-01-01,2221,Santa Viola
2016-02-01,2251,Santa Viola
2016-03-01,2203,Santa Viola
2016-04-01,2211,Santa Viola
2016-05-01,2210,Santa Viola
2016-06-01,2174,Santa Viola
2016-07-01,2201,Santa Viola
2016-08-01,2178,Santa Viola
2016-09-01,2185,Santa Viola
2016-10-01,2221,Santa Viola
2016-11-01,2219,Santa Viola
2016-12-01,2213,Santa Viola
2017-01-01,2163,Santa Viola
2017-02-01,2109,Santa Viola
2017-03-01,2141,Santa Viola
2017-04-01,2142,Santa Viola
2017-05-01,2202,Santa Viola
2017-06-01,2266,Santa Viola
2017-07-01,2322,Santa Viola
2017-08-01,2329,Santa Viola
2017-09-01,2306,Santa Viola
2017-10-01,2307,Santa Viola
2017-11-01,2291,Santa Viola
2017-12-01,2244,Santa Viola
2018-01-01,2187,Santa Viola
2018-02-01,2215,Santa Viola
2018-03-01,2188,Santa Viola
2018-04-01,2231,Santa Viola
2018-05-01,2229,Santa Viola
2018-06-01,2234,Santa Viola
2018-07-01,2244,Santa Viola
2018-08-01,2273,Santa Viola
2018-09-01,2274,Santa Viola
2018-10-01,2253,Santa Viola
2018-11-01,2247,Santa Viola
2018-12-01,2319,Santa Viola
2019-01-01,2365,Santa Viola
2019-02-01,2364,Santa Viola
2019-03-01,2369,Santa Viola
2019-04-01,2354,Santa Viola
2019-05-01,2368,Santa Viola
2019-06-01,2456,Santa Viola
2019-07-01,2615,Santa Viola
2019-08-01,2694,Santa Viola
2019-09-01,2597,Santa Viola
2019-10-01,2639,Santa Viola
2019-11-01,2629,Santa Viola
2019-12-01,2690,Santa Viola
2020-01-01,2625,Santa Viola
2020-02-01,2558,Santa Viola
2020-03-01,2518,Santa Viola
2020-04-01,2559,Santa Viola
2020-05-01,2569,Santa Viola
2020-06-01,2583,Santa Viola
2020-07-01,2559,Santa Viola
2020-08-01,2501,Santa Viola
2020-09-01,2498,Santa Viola
2020-10-01,2482,Santa Viola
2020-11-01,2514,Santa Viola
2020-12-01,2547,Santa Viola
2021-01-01,2524,Santa Viola
2021-02-01,2499,Santa Viola
2021-03-01,2599,Santa Viola
2021-04-01,2498,Santa Viola
2021-05-01,2569,Santa Viola
2021-06-01,2658,Santa Viola
2021-07-01,2740,Santa Viola
2021-08-01,2818,Santa Viola
2021-09-01,2813,Santa Viola
2021-10-01,2832,Santa Viola
2021-11-01,2772,Santa Viola
2021-12-01,2798,Santa Viola
2022-01-01,2795,Santa Viola
2022-02-01,2930,Santa Viola
2022-03-01,3123,Santa Viola
2022-04-01,3246,Santa Viola
2022-05-01,3209,Santa Viola
2022-06-01,3098,Santa Viola
2022-07-01,3079,Santa Viola
2022-08-01,3113,Santa Viola
2022-09-01,3184,Santa Viola
2022-10-01,3156,Santa Viola
2022-11-01,3120,Santa Viola
2022-12-01,3312,Santa Viola
2023-01-01,3303,Santa Viola
2023-02-01,3442,Santa Viola
2023-03-01,3548,Santa Viola
2023-04-01,3653,Santa Viola
2023-05-01,3630,Santa Viola
2023-06-01,3607,Santa Viola
2023-07-01,3605,Santa Viola
2023-08-01,3442,Santa Viola
2023-09-01,3279,Santa Viola
2023-10-01,3233,Santa Viola
2023-11-01,3205,Santa Viola
2023-12-01,3182,Santa Viola
2024-01-01,3181,Santa Viola















